GAME_ID,SEASON,GAME_DATE,HOME_TEAM_ABBREVIATION,AWAY_TEAM_ABBREVIATION,HOME_TEAM_ID,AWAY_TEAM_ID,SEASON_ID,MATCHUP
0022500001,2025-26,2025-10-15,LAC,OKC,1610612746,1610612760,24025,OKC @ LAC
0022500002,2025-26,2025-10-15,MIA,TOR,1610612748,1610612761,24025,TOR @ MIA
0022500003,2025-26,2025-10-15,NYK,BKN,1610612752,1610612751,24025,BKN @ NYK
0022500004,2025-26,2025-10-15,ATL,WAS,1610612737,1610612764,24025,WAS @ ATL
0022500005,2025-26,2025-10-15,DEN,LAC,1610612743,1610612746,24025,LAC @ DEN
0022500006,2025-26,2025-10-15,LAC,LAL,1610612746,1610612747,24025,LAL @ LAC
0022500007,2025-26,2025-10-15,DEN,PHX,1610612743,1610612756,24025,PHX @ DEN
0022500008,2025-26,2025-10-15,UTA,MIN,1610612762,1610612750,24025,MIN @ UTA
0022500009,2025-26,2025-10-15,ATL,MIL,1610612737,1610612749,24025,MIL @ ATL
0022500010,2025-26,2025-10-15,MIA,PHI,1610612748,1610612755,24025,PHI @ MIA
0022500011,2025-26,2025-10-16,MEM,MIA,1610612763,1610612748,24025,MIA @ MEM
0022500012,2025-26,2025-10-16,DAL,MIN,1610612742,1610612750,24025,MIN @ DAL
0022500013,2025-26,2025-10-16,SAC,DAL,1610612758,1610612742,24025,DAL @ SAC
0022500014,2025-26,2025-10-16,ORL,TOR,1610612753,1610612761,24025,TOR @ ORL
0022500015,2025-26,2025-10-16,CLE,IND,1610612739,1610612754,24025,IND @ CLE
0022500016,2025-26,2025-10-16,SAS,MIA,1610612759,1610612748,24025,MIA @ SAS
0022500017,2025-26,2025-10-16,DEN,UTA,1610612743,1610612762,24025,UTA @ DEN
0022500018,2025-26,2025-10-16,IND,MEM,1610612754,1610612763,24025,MEM @ IND
0022500019,2025-26,2025-10-16,DEN,OKC,1610612743,1610612760,24025,OKC @ DEN
0022500020,2025-26,2025-10-16,MEM,ATL,1610612763,1610612737,24025,ATL @ MEM
0022500021,2025-26,2025-10-17,IND,BOS,1610612754,1610612738,24025,BOS @ IND
0022500022,2025-26,2025-10-17,WAS,PHX,1610612764,1610612756,24025,PHX @ WAS
0022500023,2025-26,2025-10-17,MIL,DEN,1610612749,1610612743,24025,DEN @ MIL
0022500024,2025-26,2025-10-17,HOU,NYK,1610612745,1610612752,24025,NYK @ HOU
0022500025,2025-26,2025-10-17,BKN,LAC,1610612751,1610612746,24025,LAC @ BKN
0022500026,2025-26,2025-10-17,CLE,BOS,1610612739,1610612738,24025,BOS @ CLE
0022500027,2025-26,2025-10-17,ORL,CLE,1610612753,1610612739,24025,CLE @ ORL
0022500028,2025-26,2025-10-17,IND,TOR,1610612754,1610612761,24025,TOR @ IND
0022500029,2025-26,2025-10-17,IND,DET,1610612754,1610612765,24025,DET @ IND
0022500030,2025-26,2025-10-17,GSW,MIL,1610612744,1610612749,24025,MIL @ GSW
0022500031,2025-26,2025-10-18,LAL,WAS,1610612747,1610612764,24025,WAS @ LAL
0022500032,2025-26,2025-10-18,DAL,MIA,1610612742,1610612748,24025,MIA @ DAL
0022500033,2025-26,2025-10-18,CHI,SAS,1610612741,1610612759,24025,SAS @ CHI
0022500034,2025-26,2025-10-18,DAL,CHA,1610612742,1610612766,24025,CHA @ DAL
0022500035,2025-26,2025-10-18,GSW,CHI,1610612744,1610612741,24025,CHI @ GSW
0022500036,2025-26,2025-10-18,LAL,GSW,1610612747,1610612744,24025,GSW @ LAL
0022500037,2025-26,2025-10-18,LAL,LAC,1610612747,1610612746,24025,LAC @ LAL
0022500038,2025-26,2025-10-18,MIA,LAC,1610612748,1610612746,24025,LAC @ MIA
0022500039,2025-26,2025-10-18,GSW,NOP,1610612744,1610612740,24025,NOP @ GSW
0022500040,2025-26,2025-10-18,DEN,PHX,1610612743,1610612756,24025,PHX @ DEN
0022500041,2025-26,2025-10-19,IND,BOS,1610612754,1610612738,24025,BOS @ IND
0022500042,2025-26,2025-10-19,HOU,SAS,1610612745,1610612759,24025,SAS @ HOU
0022500043,2025-26,2025-10-19,MIA,DEN,1610612748,1610612743,24025,DEN @ MIA
0022500044,2025-26,2025-10-19,ORL,DET,1610612753,1610612765,24025,DET @ ORL
0022500045,2025-26,2025-10-19,NOP,MEM,1610612740,1610612763,24025,MEM @ NOP
0022500046,2025-26,2025-10-19,MEM,DET,1610612763,1610612765,24025,DET @ MEM
0022500047,2025-26,2025-10-19,MEM,CHA,1610612763,1610612766,24025,CHA @ MEM
0022500048,2025-26,2025-10-19,TOR,UTA,1610612761,1610612762,24025,UTA @ TOR
0022500049,2025-26,2025-10-19,GSW,NOP,1610612744,1610612740,24025,NOP @ GSW
0022500050,2025-26,2025-10-19,DAL,SAC,1610612742,1610612758,24025,SAC @ DAL
0022500051,2025-26,2025-10-20,NYK,NOP,1610612752,1610612740,24025,NOP @ NYK
0022500052,2025-26,2025-10-20,UTA,LAL,1610612762,1610612747,24025,LAL @ UTA
0022500053,2025-26,2025-10-20,DEN,GSW,1610612743,1610612744,24025,GSW @ DEN
0022500054,2025-26,2025-10-20,PHI,ORL,1610612755,1610612753,24025,ORL @ PHI
0022500055,2025-26,2025-10-20,DEN,CHI,1610612743,1610612741,24025,CHI @ DEN
0022500056,2025-26,2025-10-20,OKC,BOS,1610612760,1610612738,24025,BOS @ OKC
0022500057,2025-26,2025-10-20,TOR,PHI,1610612761,1610612755,24025,PHI @ TOR
0022500058,2025-26,2025-10-20,CHA,SAS,1610612766,1610612759,24025,SAS @ CHA
0022500059,2025-26,2025-10-20,PHX,DAL,1610612756,1610612742,24025,DAL @ PHX
0022500060,2025-26,2025-10-20,SAC,DAL,1610612758,1610612742,24025,DAL @ SAC
0022500061,2025-26,2025-10-21,CLE,DET,1610612739,1610612765,24025,DET @ CLE
0022500062,2025-26,2025-10-21,CHI,POR,1610612741,1610612757,24025,POR @ CHI
0022500063,2025-26,2025-10-21,BKN,PHI,1610612751,1610612755,24025,PHI @ BKN
0022500064,2025-26,2025-10-21,DET,MIA,1610612765,1610612748,24025,MIA @ DET
0022500065,2025-26,2025-10-21,CHI,MIA,1610612741,1610612748,24025,MIA @ CHI
0022500066,2025-26,2025-10-21,DAL,NOP,1610612742,1610612740,24025,NOP @ DAL
0022500067,2025-26,2025-10-21,UTA,DEN,1610612762,1610612743,24025,DEN @ UTA
0022500068,2025-26,2025-10-21,ORL,MIA,1610612753,1610612748,24025,MIA @ ORL
0022500069,2025-26,2025-10-21,DAL,PHX,1610612742,1610612756,24025,PHX @ DAL
0022500070,2025-26,2025-10-21,NYK,HOU,1610612752,1610612745,24025,HOU @ NYK
0022500071,2025-26,2025-10-22,UTA,DEN,1610612762,1610612743,24025,DEN @ UTA
0022500072,2025-26,2025-10-22,SAS,UTA,1610612759,1610612762,24025,UTA @ SAS
0022500073,2025-26,2025-10-22,SAC,TOR,1610612758,1610612761,24025,TOR @ SAC
0022500074,2025-26,2025-10-22,ATL,BKN,1610612737,1610612751,24025,BKN @ ATL
0022500075,2025-26,2025-10-22,CLE,MEM,1610612739,1610612763,24025,MEM @ CLE
0022500076,2025-26,2025-10-22,CHA,DAL,1610612766,1610612742,24025,DAL @ CHA
0022500077,2025-26,2025-10-22,UTA,GSW,1610612762,1610612744,24025,GSW @ UTA
0022500078,2025-26,2025-10-22,CHI,PHI,1610612741,1610612755,24025,PHI @ CHI
0022500079,2025-26,2025-10-22,BKN,MIL,1610612751,1610612749,24025,MIL @ BKN
0022500080,2025-26,2025-10-22,IND,OKC,1610612754,1610612760,24025,OKC @ IND
0022500081,2025-26,2025-10-23,PHI,IND,1610612755,1610612754,24025,IND @ PHI
0022500082,2025-26,2025-10-23,WAS,PHI,1610612764,1610612755,24025,PHI @ WAS
0022500083,2025-26,2025-10-23,OKC,DEN,1610612760,1610612743,24025,DEN @ OKC
0022500084,2025-26,2025-10-23,MIN,NOP,1610612750,1610612740,24025,NOP @ MIN
0022500085,2025-26,2025-10-23,ATL,BOS,1610612737,1610612738,24025,BOS @ ATL
0022500086,2025-26,2025-10-23,MIA,BKN,1610612748,1610612751,24025,BKN @ MIA
0022500087,2025-26,2025-10-23,LAC,HOU,1610612746,1610612745,24025,HOU @ LAC
0022500088,2025-26,2025-10-23,HOU,SAC,1610612745,1610612758,24025,SAC @ HOU
0022500089,2025-26,2025-10-23,IND,WAS,1610612754,1610612764,24025,WAS @ IND
0022500090,2025-26,2025-10-23,ATL,PHI,1610612737,1610612755,24025,PHI @ ATL
0022500091,2025-26,2025-10-24,POR,TOR,1610612757,1610612761,24025,TOR @ POR
0022500092,2025-26,2025-10-24,DET,ORL,1610612765,1610612753,24025,ORL @ DET
0022500093,2025-26,2025-10-24,LAC,ORL,1610612746,1610612753,24025,ORL @ LAC
0022500094,2025-26,2025-10-24,OKC,DET,1610612760,1610612765,24025,DET @ OKC
0022500095,2025-26,2025-10-24,OKC,PHX,1610612760,1610612756,24025,PHX @ OKC
0022500096,2025-26,2025-10-24,CLE,MIL,1610612739,1610612749,24025,MIL @ CLE
0022500097,2025-26,2025-10-24,GSW,MEM,1610612744,1610612763,24025,MEM @ GSW
0022500098,2025-26,2025-10-24,HOU,PHX,1610612745,1610612756,24025,PHX @ HOU
0022500099,2025-26,2025-10-24,LAC,GSW,1610612746,1610612744,24025,GSW @ LAC
0022500100,2025-26,2025-10-24,DET,UTA,1610612765,1610612762,24025,UTA @ DET
0022500101,2025-26,2025-10-25,MIN,SAC,1610612750,1610612758,24025,SAC @ MIN
0022500102,2025-26,2025-10-25,NOP,SAC,1610612740,1610612758,24025,SAC @ NOP
0022500103,2025-26,2025-10-25,BKN,GSW,1610612751,1610612744,24025,GSW @ BKN
0022500104,2025-26,2025-10-25,OKC,SAS,1610612760,1610612759,24025,SAS @ OKC
0022500105,2025-26,2025-10-25,BOS,NYK,1610612738,1610612752,24025,NYK @ BOS
0022500106,2025-26,2025-10-25,CLE,POR,1610612739,1610612757,24025,POR @ CLE
0022500107,2025-26,2025-10-25,LAL,SAC,1610612747,1610612758,24025,SAC @ LAL
0022500108,2025-26,2025-10-25,ATL,OKC,1610612737,1610612760,24025,OKC @ ATL
0022500109,2025-26,2025-10-25,NOP,OKC,1610612740,1610612760,24025,OKC @ NOP
0022500110,2025-26,2025-10-25,GSW,CLE,1610612744,1610612739,24025,CLE @ GSW
0022500111,2025-26,2025-10-26,BOS,HOU,1610612738,1610612745,24025,HOU @ BOS
0022500112,2025-26,2025-10-26,GSW,NYK,1610612744,1610612752,24025,NYK @ GSW
0022500113,2025-26,2025-10-26,PHI,CLE,1610612755,1610612739,24025,CLE @ PHI
0022500114,2025-26,2025-10-26,WAS,HOU,1610612764,1610612745,24025,HOU @ WAS
0022500115,2025-26,2025-10-26,DEN,BOS,1610612743,1610612738,24025,BOS @ DEN
0022500116,2025-26,2025-10-26,ATL,CHA,1610612737,1610612766,24025,CHA @ ATL
0022500117,2025-26,2025-10-26,IND,LAL,1610612754,1610612747,24025,LAL @ IND
0022500118,2025-26,2025-10-26,MIL,MEM,1610612749,1610612763,24025,MEM @ MIL
0022500119,2025-26,2025-10-26,SAC,NYK,1610612758,1610612752,24025,NYK @ SAC
0022500120,2025-26,2025-10-26,POR,ATL,1610612757,1610612737,24025,ATL @ POR
0022500121,2025-26,2025-10-27,MIA,TOR,1610612748,1610612761,24025,TOR @ MIA
0022500122,2025-26,2025-10-27,NYK,MIL,1610612752,1610612749,24025,MIL @ NYK
0022500123,2025-26,2025-10-27,HOU,LAL,1610612745,1610612747,24025,LAL @ HOU
0022500124,2025-26,2025-10-27,SAS,LAC,1610612759,1610612746,24025,LAC @ SAS
0022500125,2025-26,2025-10-27,MIA,DET,1610612748,1610612765,24025,DET @ MIA
0022500126,2025-26,2025-10-27,PHX,SAC,1610612756,1610612758,24025,SAC @ PHX
0022500127,2025-26,2025-10-27,POR,SAS,1610612757,1610612759,24025,SAS @ POR
0022500128,2025-26,2025-10-27,ATL,SAC,1610612737,1610612758,24025,SAC @ ATL
0022500129,2025-26,2025-10-27,MIN,DAL,1610612750,1610612742,24025,DAL @ MIN
0022500130,2025-26,2025-10-27,TOR,BOS,1610612761,1610612738,24025,BOS @ TOR
0022500131,2025-26,2025-10-28,CLE,NOP,1610612739,1610612740,24025,NOP @ CLE
0022500132,2025-26,2025-10-28,DAL,SAS,1610612742,1610612759,24025,SAS @ DAL
0022500133,2025-26,2025-10-28,PHI,MIL,1610612755,1610612749,24025,MIL @ PHI
0022500134,2025-26,2025-10-28,GSW,SAC,1610612744,1610612758,24025,SAC @ GSW
0022500135,2025-26,2025-10-28,MIL,PHI,1610612749,1610612755,24025,PHI @ MIL
0022500136,2025-26,2025-10-28,MIA,MIL,1610612748,1610612749,24025,MIL @ MIA
0022500137,2025-26,2025-10-28,CHA,OKC,1610612766,1610612760,24025,OKC @ CHA
0022500138,2025-26,2025-10-28,MIN,BKN,1610612750,1610612751,24025,BKN @ MIN
0022500139,2025-26,2025-10-28,OKC,LAC,1610612760,1610612746,24025,LAC @ OKC
0022500140,2025-26,2025-10-28,MEM,OKC,1610612763,1610612760,24025,OKC @ MEM
0022500141,2025-26,2025-10-29,IND,PHX,1610612754,1610612756,24025,PHX @ IND
0022500142,2025-26,2025-10-29,GSW,PHX,1610612744,1610612756,24025,PHX @ GSW
0022500143,2025-26,2025-10-29,GSW,POR,1610612744,1610612757,24025,POR @ GSW
0022500144,2025-26,2025-10-29,IND,SAC,1610612754,1610612758,24025,SAC @ IND
0022500145,2025-26,2025-10-29,MEM,GSW,1610612763,1610612744,24025,GSW @ MEM
0022500146,2025-26,2025-10-29,DEN,IND,1610612743,1610612754,24025,IND @ DEN
0022500147,2025-26,2025-10-29,GSW,MIA,1610612744,1610612748,24025,MIA @ GSW
0022500148,2025-26,2025-10-29,PHI,HOU,1610612755,1610612745,24025,HOU @ PHI
0022500149,2025-26,2025-10-29,LAC,PHI,1610612746,1610612755,24025,PHI @ LAC
0022500150,2025-26,2025-10-29,LAC,LAL,1610612746,1610612747,24025,LAL @ LAC
0022500151,2025-26,2025-10-30,MEM,LAC,1610612763,1610612746,24025,LAC @ MEM
0022500152,2025-26,2025-10-30,CHI,CHA,1610612741,1610612766,24025,CHA @ CHI
0022500153,2025-26,2025-10-30,CHA,TOR,1610612766,1610612761,24025,TOR @ CHA
0022500154,2025-26,2025-10-30,MIN,DET,1610612750,1610612765,24025,DET @ MIN
0022500155,2025-26,2025-10-30,OKC,MEM,1610612760,1610612763,24025,MEM @ OKC
0022500156,2025-26,2025-10-30,MIL,CLE,1610612749,1610612739,24025,CLE @ MIL
0022500157,2025-26,2025-10-30,TOR,WAS,1610612761,1610612764,24025,WAS @ TOR
0022500158,2025-26,2025-10-30,MIA,ORL,1610612748,1610612753,24025,ORL @ MIA
0022500159,2025-26,2025-10-30,SAS,HOU,1610612759,1610612745,24025,HOU @ SAS
0022500160,2025-26,2025-10-30,OKC,NYK,1610612760,1610612752,24025,NYK @ OKC
0022500161,2025-26,2025-10-31,MEM,NYK,1610612763,1610612752,24025,NYK @ MEM
0022500162,2025-26,2025-10-31,CLE,MIL,1610612739,1610612749,24025,MIL @ CLE
0022500163,2025-26,2025-10-31,WAS,GSW,1610612764,1610612744,24025,GSW @ WAS
0022500164,2025-26,2025-10-31,SAS,ATL,1610612759,1610612737,24025,ATL @ SAS
0022500165,2025-26,2025-10-31,DET,LAC,1610612765,1610612746,24025,LAC @ DET
0022500166,2025-26,2025-10-31,TOR,NYK,1610612761,1610612752,24025,NYK @ TOR
0022500167,2025-26,2025-10-31,BOS,POR,1610612738,1610612757,24025,POR @ BOS
0022500168,2025-26,2025-10-31,POR,NOP,1610612757,1610612740,24025,NOP @ POR
0022500169,2025-26,2025-10-31,HOU,NOP,1610612745,1610612740,24025,NOP @ HOU
0022500170,2025-26,2025-10-31,OKC,HOU,1610612760,1610612745,24025,HOU @ OKC
0022500171,2025-26,2025-11-01,IND,TOR,1610612754,1610612761,24025,TOR @ IND
0022500172,2025-26,2025-11-01,WAS,MIL,1610612764,1610612749,24025,MIL @ WAS
0022500173,2025-26,2025-11-01,MIA,IND,1610612748,1610612754,24025,IND @ MIA
0022500174,2025-26,2025-11-01,LAC,NOP,1610612746,1610612740,24025,NOP @ LAC
0022500175,2025-26,2025-11-01,BKN,SAS,1610612751,1610612759,24025,SAS @ BKN
0022500176,2025-26,2025-11-01,MEM,HOU,1610612763,1610612745,24025,HOU @ MEM
0022500177,2025-26,2025-11-01,OKC,PHI,1610612760,1610612755,24025,PHI @ OKC
0022500178,2025-26,2025-11-01,LAC,NOP,1610612746,1610612740,24025,NOP @ LAC
0022500179,2025-26,2025-11-01,GSW,MIN,1610612744,1610612750,24025,MIN @ GSW
0022500180,2025-26,2025-11-01,POR,SAS,1610612757,1610612759,24025,SAS @ POR
0022500181,2025-26,2025-11-02,IND,BKN,1610612754,1610612751,24025,BKN @ IND
0022500182,2025-26,2025-11-02,PHX,DAL,1610612756,1610612742,24025,DAL @ PHX
0022500183,2025-26,2025-11-02,CHA,CLE,1610612766,1610612739,24025,CLE @ CHA
0022500184,2025-26,2025-11-02,NYK,DET,1610612752,1610612765,24025,DET @ NYK
0022500185,2025-26,2025-11-02,CHI,BKN,1610612741,1610612751,24025,BKN @ CHI
0022500186,2025-26,2025-11-02,NOP,HOU,1610612740,1610612745,24025,HOU @ NOP
0022500187,2025-26,2025-11-02,MIL,GSW,1610612749,1610612744,24025,GSW @ MIL
0022500188,2025-26,2025-11-02,OKC,MIA,1610612760,1610612748,24025,MIA @ OKC
0022500189,2025-26,2025-11-02,PHX,GSW,1610612756,1610612744,24025,GSW @ PHX
0022500190,2025-26,2025-11-02,IND,NOP,1610612754,1610612740,24025,NOP @ IND
0022500191,2025-26,2025-11-03,SAC,LAC,1610612758,1610612746,24025,LAC @ SAC
0022500192,2025-26,2025-11-03,SAC,OKC,1610612758,1610612760,24025,OKC @ SAC
0022500193,2025-26,2025-11-03,MIL,POR,1610612749,1610612757,24025,POR @ MIL
0022500194,2025-26,2025-11-03,MIL,IND,1610612749,1610612754,24025,IND @ MIL
0022500195,2025-26,2025-11-03,CHA,CHI,1610612766,1610612741,24025,CHI @ CHA
0022500196,2025-26,2025-11-03,DAL,BOS,1610612742,1610612738,24025,BOS @ DAL
0022500197,2025-26,2025-11-03,SAC,OKC,1610612758,1610612760,24025,OKC @ SAC
0022500198,2025-26,2025-11-03,DEN,SAC,1610612743,1610612758,24025,SAC @ DEN
0022500199,2025-26,2025-11-03,IND,CHI,1610612754,1610612741,24025,CHI @ IND
0022500200,2025-26,2025-11-03,BKN,MEM,1610612751,1610612763,24025,MEM @ BKN
0022500201,2025-26,2025-11-04,NOP,MIA,1610612740,1610612748,24025,MIA @ NOP
0022500202,2025-26,2025-11-04,DEN,DAL,1610612743,1610612742,24025,DAL @ DEN
0022500203,2025-26,2025-11-04,PHI,MIA,1610612755,1610612748,24025,MIA @ PHI
0022500204,2025-26,2025-11-04,SAC,MIL,1610612758,1610612749,24025,MIL @ SAC
0022500205,2025-26,2025-11-04,SAC,CHA,1610612758,1610612766,24025,CHA @ SAC
0022500206,2025-26,2025-11-04,BOS,SAC,1610612738,1610612758,24025,SAC @ BOS
0022500207,2025-26,2025-11-04,DEN,SAS,1610612743,1610612759,24025,SAS @ DEN
0022500208,2025-26,2025-11-04,PHI,BOS,1610612755,1610612738,24025,BOS @ PHI
0022500209,2025-26,2025-11-04,DET,MIA,1610612765,1610612748,24025,MIA @ DET
0022500210,2025-26,2025-11-04,LAL,MIL,1610612747,1610612749,24025,MIL @ LAL
0022500211,2025-26,2025-11-05,MEM,UTA,1610612763,1610612762,24025,UTA @ MEM
0022500212,2025-26,2025-11-05,BKN,CLE,1610612751,1610612739,24025,CLE @ BKN
0022500213,2025-26,2025-11-05,HOU,POR,1610612745,1610612757,24025,POR @ HOU
0022500214,2025-26,2025-11-05,DET,ATL,1610612765,1610612737,24025,ATL @ DET
0022500215,2025-26,2025-11-05,NOP,PHX,1610612740,1610612756,24025,PHX @ NOP
0022500216,2025-26,2025-11-05,SAC,BOS,1610612758,1610612738,24025,BOS @ SAC
0022500217,2025-26,2025-11-05,MIN,DEN,1610612750,1610612743,24025,DEN @ MIN
0022500218,2025-26,2025-11-05,LAL,DAL,1610612747,1610612742,24025,DAL @ LAL
0022500219,2025-26,2025-11-05,MIN,IND,1610612750,1610612754,24025,IND @ MIN
0022500220,2025-26,2025-11-05,GSW,DAL,1610612744,1610612742,24025,DAL @ GSW
0022500221,2025-26,2025-11-06,SAS,CLE,1610612759,1610612739,24025,CLE @ SAS
0022500222,2025-26,2025-11-06,SAS,SAC,1610612759,1610612758,24025,SAC @ SAS
0022500223,2025-26,2025-11-06,ORL,LAC,1610612753,1610612746,24025,LAC @ ORL
0022500224,2025-26,2025-11-06,IND,PHI,1610612754,1610612755,24025,PHI @ IND
0022500225,2025-26,2025-11-06,PHX,ORL,1610612756,1610612753,24025,ORL @ PHX
0022500226,2025-26,2025-11-06,BKN,PHI,1610612751,1610612755,24025,PHI @ BKN
0022500227,2025-26,2025-11-06,TOR,WAS,1610612761,1610612764,24025,WAS @ TOR
0022500228,2025-26,2025-11-06,NOP,GSW,1610612740,1610612744,24025,GSW @ NOP
0022500229,2025-26,2025-11-06,CHI,NYK,1610612741,1610612752,24025,NYK @ CHI
0022500230,2025-26,2025-11-06,UTA,DET,1610612762,1610612765,24025,DET @ UTA
0022500231,2025-26,2025-11-07,CHA,MIN,1610612766,1610612750,24025,MIN @ CHA
0022500232,2025-26,2025-11-07,PHX,NYK,1610612756,1610612752,24025,NYK @ PHX
0022500233,2025-26,2025-11-07,DAL,DEN,1610612742,1610612743,24025,DEN @ DAL
0022500234,2025-26,2025-11-07,CLE,CHI,1610612739,1610612741,24025,CHI @ CLE
0022500235,2025-26,2025-11-07,MIA,CLE,1610612748,1610612739,24025,CLE @ MIA
0022500236,2025-26,2025-11-07,MIA,SAS,1610612748,1610612759,24025,SAS @ MIA
0022500237,2025-26,2025-11-07,IND,ATL,1610612754,1610612737,24025,ATL @ IND
0022500238,2025-26,2025-11-07,LAC,UTA,1610612746,1610612762,24025,UTA @ LAC
0022500239,2025-26,2025-11-07,WAS,ATL,1610612764,1610612737,24025,ATL @ WAS
0022500240,2025-26,2025-11-07,CHI,CLE,1610612741,1610612739,24025,CLE @ CHI
0022500241,2025-26,2025-11-08,LAL,SAC,1610612747,1610612758,24025,SAC @ LAL
0022500242,2025-26,2025-11-08,POR,GSW,1610612757,1610612744,24025,GSW @ POR
0022500243,2025-26,2025-11-08,GSW,DEN,1610612744,1610612743,24025,DEN @ GSW
0022500244,2025-26,2025-11-08,MIA,ORL,1610612748,1610612753,24025,ORL @ MIA
0022500245,2025-26,2025-11-08,ATL,CHA,1610612737,1610612766,24025,CHA @ ATL
0022500246,2025-26,2025-11-08,ORL,CHA,1610612753,1610612766,24025,CHA @ ORL
0022500247,2025-26,2025-11-08,NOP,OKC,1610612740,1610612760,24025,OKC @ NOP
0022500248,2025-26,2025-11-08,NOP,DEN,1610612740,1610612743,24025,DEN @ NOP
0022500249,2025-26,2025-11-08,WAS,POR,1610612764,1610612757,24025,POR @ WAS
0022500250,2025-26,2025-11-08,CHA,LAL,1610612766,1610612747,24025,LAL @ CHA
0022500251,2025-26,2025-11-09,MIA,GSW,1610612748,1610612744,24025,GSW @ MIA
0022500252,2025-26,2025-11-09,DEN,NOP,1610612743,1610612740,24025,NOP @ DEN
0022500253,2025-26,2025-11-09,MIA,DAL,1610612748,1610612742,24025,DAL @ MIA
0022500254,2025-26,2025-11-09,NYK,DAL,1610612752,1610612742,24025,DAL @ NYK
0022500255,2025-26,2025-11-09,BKN,ATL,1610612751,1610612737,24025,ATL @ BKN
0022500256,2025-26,2025-11-09,TOR,BKN,1610612761,1610612751,24025,BKN @ TOR
0022500257,2025-26,2025-11-09,DEN,ORL,1610612743,1610612753,24025,ORL @ DEN
0022500258,2025-26,2025-11-09,ORL,WAS,1610612753,1610612764,24025,WAS @ ORL
0022500259,2025-26,2025-11-09,MIL,DAL,1610612749,1610612742,24025,DAL @ MIL
0022500260,2025-26,2025-11-09,ATL,CLE,1610612737,1610612739,24025,CLE @ ATL
0022500261,2025-26,2025-11-10,MIN,LAL,1610612750,1610612747,24025,LAL @ MIN
0022500262,2025-26,2025-11-10,TOR,MEM,1610612761,1610612763,24025,MEM @ TOR
0022500263,2025-26,2025-11-10,MIL,WAS,1610612749,1610612764,24025,WAS @ MIL
0022500264,2025-26,2025-11-10,NOP,ATL,1610612740,1610612737,24025,ATL @ NOP
0022500265,2025-26,2025-11-10,LAL,BKN,1610612747,1610612751,24025,BKN @ LAL
0022500266,2025-26,2025-11-10,NOP,DET,1610612740,1610612765,24025,DET @ NOP
0022500267,2025-26,2025-11-10,PHI,MIL,1610612755,1610612749,24025,MIL @ PHI
0022500268,2025-26,2025-11-10,CHA,MEM,1610612766,1610612763,24025,MEM @ CHA
0022500269,2025-26,2025-11-10,CHI,DAL,1610612741,1610612742,24025,DAL @ CHI
0022500270,2025-26,2025-11-10,LAL,TOR,1610612747,1610612761,24025,TOR @ LAL
0022500271,2025-26,2025-11-11,NOP,WAS,1610612740,1610612764,24025,WAS @ NOP
0022500272,2025-26,2025-11-11,NYK,PHI,1610612752,1610612755,24025,PHI @ NYK
0022500273,2025-26,2025-11-11,DET,BOS,1610612765,1610612738,24025,BOS @ DET
0022500274,2025-26,2025-11-11,SAS,CHA,1610612759,1610612766,24025,CHA @ SAS
0022500275,2025-26,2025-11-11,MIA,CHI,1610612748,1610612741,24025,CHI @ MIA
0022500276,2025-26,2025-11-11,TOR,GSW,1610612761,1610612744,24025,GSW @ TOR
0022500277,2025-26,2025-11-11,BOS,CHI,1610612738,1610612741,24025,CHI @ BOS
0022500278,2025-26,2025-11-11,OKC,HOU,1610612760,1610612745,24025,HOU @ OKC
0022500279,2025-26,2025-11-11,TOR,CLE,1610612761,1610612739,24025,CLE @ TOR
0022500280,2025-26,2025-11-11,WAS,MIA,1610612764,1610612748,24025,MIA @ WAS
0022500281,2025-26,2025-11-12,DAL,PHI,1610612742,1610612755,24025,PHI @ DAL
0022500282,2025-26,2025-11-12,ORL,UTA,1610612753,1610612762,24025,UTA @ ORL
0022500283,2025-26,2025-11-12,CHI,GSW,1610612741,1610612744,24025,GSW @ CHI
0022500284,2025-26,2025-11-12,LAL,PHX,1610612747,1610612756,24025,PHX @ LAL
0022500285,2025-26,2025-11-12,WAS,UTA,1610612764,1610612762,24025,UTA @ WAS
0022500286,2025-26,2025-11-12,PHX,SAC,1610612756,1610612758,24025,SAC @ PHX
0022500287,2025-26,2025-11-12,MIN,GSW,1610612750,1610612744,24025,GSW @ MIN
0022500288,2025-26,2025-11-12,SAS,GSW,1610612759,1610612744,24025,GSW @ SAS
0022500289,2025-26,2025-11-12,DET,CHI,1610612765,1610612741,24025,CHI @ DET
0022500290,2025-26,2025-11-12,DAL,OKC,1610612742,1610612760,24025,OKC @ DAL
0022500291,2025-26,2025-11-13,PHI,CHA,1610612755,1610612766,24025,CHA @ PHI
0022500292,2025-26,2025-11-13,BKN,POR,1610612751,1610612757,24025,POR @ BKN
0022500293,2025-26,2025-11-13,GSW,BKN,1610612744,1610612751,24025,BKN @ GSW
0022500294,2025-26,2025-11-13,ORL,WAS,1610612753,1610612764,24025,WAS @ ORL
0022500295,2025-26,2025-11-13,HOU,ATL,1610612745,1610612737,24025,ATL @ HOU
0022500296,2025-26,2025-11-13,DET,WAS,1610612765,1610612764,24025,WAS @ DET
0022500297,2025-26,2025-11-13,DET,MIL,1610612765,1610612749,24025,MIL @ DET
0022500298,2025-26,2025-11-13,NYK,BOS,1610612752,1610612738,24025,BOS @ NYK
0022500299,2025-26,2025-11-13,SAS,WAS,1610612759,1610612764,24025,WAS @ SAS
0022500300,2025-26,2025-11-13,MIL,IND,1610612749,1610612754,24025,IND @ MIL
0022500301,2025-26,2025-11-14,LAC,POR,1610612746,1610612757,24025,POR @ LAC
0022500302,2025-26,2025-11-14,NOP,PHX,1610612740,1610612756,24025,PHX @ NOP
0022500303,2025-26,2025-11-14,PHX,MIL,1610612756,1610612749,24025,MIL @ PHX
0022500304,2025-26,2025-11-14,LAL,GSW,1610612747,1610612744,24025,GSW @ LAL
0022500305,2025-26,2025-11-14,CLE,DAL,1610612739,1610612742,24025,DAL @ CLE
0022500306,2025-26,2025-11-14,CHA,IND,1610612766,1610612754,24025,IND @ CHA
0022500307,2025-26,2025-11-14,ORL,MIL,1610612753,1610612749,24025,MIL @ ORL
0022500308,2025-26,2025-11-14,NOP,SAS,1610612740,1610612759,24025,SAS @ NOP
0022500309,2025-26,2025-11-14,IND,SAS,1610612754,1610612759,24025,SAS @ IND
0022500310,2025-26,2025-11-14,WAS,CLE,1610612764,1610612739,24025,CLE @ WAS
0022500311,2025-26,2025-11-15,OKC,UTA,1610612760,1610612762,24025,UTA @ OKC
0022500312,2025-26,2025-11-15,MEM,SAC,1610612763,1610612758,24025,SAC @ MEM
0022500313,2025-26,2025-11-15,DEN,MIN,1610612743,1610612750,24025,MIN @ DEN
0022500314,2025-26,2025-11-15,PHX,LAL,1610612756,1610612747,24025,LAL @ PHX
0022500315,2025-26,2025-11-15,CHA,MIL,1610612766,1610612749,24025,MIL @ CHA
0022500316,2025-26,2025-11-15,PHX,LAC,1610612756,1610612746,24025,LAC @ PHX
0022500317,2025-26,2025-11-15,LAL,MEM,1610612747,1610612763,24025,MEM @ LAL
0022500318,2025-26,2025-11-15,MIL,WAS,1610612749,1610612764,24025,WAS @ MIL
0022500319,2025-26,2025-11-15,HOU,GSW,1610612745,1610612744,24025,GSW @ HOU
0022500320,2025-26,2025-11-15,POR,DAL,1610612757,1610612742,24025,DAL @ POR
0022500321,2025-26,2025-11-16,DAL,ORL,1610612742,1610612753,24025,ORL @ DAL
0022500322,2025-26,2025-11-16,IND,HOU,1610612754,1610612745,24025,HOU @ IND
0022500323,2025-26,2025-11-16,NOP,MIL,1610612740,1610612749,24025,MIL @ NOP
0022500324,2025-26,2025-11-16,NOP,BOS,1610612740,1610612738,24025,BOS @ NOP
0022500325,2025-26,2025-11-16,DET,POR,1610612765,1610612757,24025,POR @ DET
0022500326,2025-26,2025-11-16,CHA,POR,1610612766,1610612757,24025,POR @ CHA
0022500327,2025-26,2025-11-16,TOR,NYK,1610612761,1610612752,24025,NYK @ TOR
0022500328,2025-26,2025-11-16,UTA,SAS,1610612762,1610612759,24025,SAS @ UTA
0022500329,2025-26,2025-11-16,LAC,MEM,1610612746,1610612763,24025,MEM @ LAC
0022500330,2025-26,2025-11-16,MIN,PHX,1610612750,1610612756,24025,PHX @ MIN
0022500331,2025-26,2025-11-17,NYK,CHI,1610612752,1610612741,24025,CHI @ NYK
0022500332,2025-26,2025-11-17,DAL,DET,1610612742,1610612765,24025,DET @ DAL
0022500333,2025-26,2025-11-17,OKC,SAS,1610612760,1610612759,24025,SAS @ OKC
0022500334,2025-26,2025-11-17,CHI,MIA,1610612741,1610612748,24025,MIA @ CHI
0022500335,2025-26,2025-11-17,WAS,ATL,1610612764,1610612737,24025,ATL @ WAS
0022500336,2025-26,2025-11-17,MIN,POR,1610612750,1610612757,24025,POR @ MIN
0022500337,2025-26,2025-11-17,NYK,MIN,1610612752,1610612750,24025,MIN @ NYK
0022500338,2025-26,2025-11-17,POR,BOS,1610612757,1610612738,24025,BOS @ POR
0022500339,2025-26,2025-11-17,POR,IND,1610612757,1610612754,24025,IND @ POR
0022500340,2025-26,2025-11-17,BKN,MIL,1610612751,1610612749,24025,MIL @ BKN
0022500341,2025-26,2025-11-18,UTA,LAC,1610612762,1610612746,24025,LAC @ UTA
0022500342,2025-26,2025-11-18,MEM,MIN,1610612763,1610612750,24025,MIN @ MEM
0022500343,2025-26,2025-11-18,BOS,ATL,1610612738,1610612737,24025,ATL @ BOS
0022500344,2025-26,2025-11-18,LAC,WAS,1610612746,1610612764,24025,WAS @ LAC
0022500345,2025-26,2025-11-18,HOU,UTA,1610612745,1610612762,24025,UTA @ HOU
0022500346,2025-26,2025-11-18,ORL,LAL,1610612753,1610612747,24025,LAL @ ORL
0022500347,2025-26,2025-11-18,ORL,IND,1610612753,1610612754,24025,IND @ ORL
0022500348,2025-26,2025-11-18,OKC,ATL,1610612760,1610612737,24025,ATL @ OKC
0022500349,2025-26,2025-11-18,SAC,MEM,1610612758,1610612763,24025,MEM @ SAC
0022500350,2025-26,2025-11-18,DET,SAS,1610612765,1610612759,24025,SAS @ DET
0022500351,2025-26,2025-11-19,MEM,OKC,1610612763,1610612760,24025,OKC @ MEM
0022500352,2025-26,2025-11-19,DAL,HOU,1610612742,1610612745,24025,HOU @ DAL
0022500353,2025-26,2025-11-19,LAL,HOU,1610612747,1610612745,24025,HOU @ LAL
0022500354,2025-26,2025-11-19,HOU,BOS,1610612745,1610612738,24025,BOS @ HOU
0022500355,2025-26,2025-11-19,MIL,BKN,1610612749,1610612751,24025,BKN @ MIL
0022500356,2025-26,2025-11-19,NOP,MEM,1610612740,1610612763,24025,MEM @ NOP
0022500357,2025-26,2025-11-19,CHA,ORL,1610612766,1610612753,24025,ORL @ CHA
0022500358,2025-26,2025-11-19,CHI,CHA,1610612741,1610612766,24025,CHA @ CHI
0022500359,2025-26,2025-11-19,IND,NYK,1610612754,1610612752,24025,NYK @ IND
0022500360,2025-26,2025-11-19,DET,LAL,1610612765,1610612747,24025,LAL @ DET
0022500361,2025-26,2025-11-20,DET,NOP,1610612765,1610612740,24025,NOP @ DET
0022500362,2025-26,2025-11-20,PHX,MEM,1610612756,1610612763,24025,MEM @ PHX
0022500363,2025-26,2025-11-20,BKN,MIA,1610612751,1610612748,24025,MIA @ BKN
0022500364,2025-26,2025-11-20,HOU,LAC,1610612745,1610612746,24025,LAC @ HOU
0022500365,2025-26,2025-11-20,GSW,DEN,1610612744,1610612743,24025,DEN @ GSW
0022500366,2025-26,2025-11-20,BOS,MIA,1610612738,1610612748,24025,MIA @ BOS
0022500367,2025-26,2025-11-20,TOR,POR,1610612761,1610612757,24025,POR @ TOR
0022500368,2025-26,2025-11-20,SAS,LAL,1610612759,1610612747,24025,LAL @ SAS
0022500369,2025-26,2025-11-20,NYK,OKC,1610612752,1610612760,24025,OKC @ NYK
0022500370,2025-26,2025-11-20,DAL,TOR,1610612742,1610612761,24025,TOR @ DAL
0022500371,2025-26,2025-11-21,UTA,WAS,1610612762,1610612764,24025,WAS @ UTA
0022500372,2025-26,2025-11-21,SAS,SAC,1610612759,1610612758,24025,SAC @ SAS
0022500373,2025-26,2025-11-21,WAS,ORL,1610612764,1610612753,24025,ORL @ WAS
0022500374,2025-26,2025-11-21,BOS,PHI,1610612738,1610612755,24025,PHI @ BOS
0022500375,2025-26,2025-11-21,NOP,CHI,1610612740,1610612741,24025,CHI @ NOP
0022500376,2025-26,2025-11-21,OKC,SAC,1610612760,1610612758,24025,SAC @ OKC
0022500377,2025-26,2025-11-21,DAL,WAS,1610612742,1610612764,24025,WAS @ DAL
0022500378,2025-26,2025-11-21,CHI,DET,1610612741,1610612765,24025,DET @ CHI
0022500379,2025-26,2025-11-21,OKC,POR,1610612760,1610612757,24025,POR @ OKC
0022500380,2025-26,2025-11-21,DAL,POR,1610612742,1610612757,24025,POR @ DAL
0022500381,2025-26,2025-11-22,SAS,CHI,1610612759,1610612741,24025,CHI @ SAS
0022500382,2025-26,2025-11-22,MIN,DEN,1610612750,1610612743,24025,DEN @ MIN
0022500383,2025-26,2025-11-22,MIN,NYK,1610612750,1610612752,24025,NYK @ MIN
0022500384,2025-26,2025-11-22,MIA,WAS,1610612748,1610612764,24025,WAS @ MIA
0022500385,2025-26,2025-11-22,LAC,PHX,1610612746,1610612756,24025,PHX @ LAC
0022500386,2025-26,2025-11-22,NOP,UTA,1610612740,1610612762,24025,UTA @ NOP
0022500387,2025-26,2025-11-22,HOU,SAS,1610612745,1610612759,24025,SAS @ HOU
0022500388,2025-26,2025-11-22,POR,GSW,1610612757,1610612744,24025,GSW @ POR
0022500389,2025-26,2025-11-22,GSW,ATL,1610612744,1610612737,24025,ATL @ GSW
0022500390,2025-26,2025-11-22,ATL,DET,1610612737,1610612765,24025,DET @ ATL
0022500391,2025-26,2025-11-23,BOS,CLE,1610612738,1610612739,24025,CLE @ BOS
0022500392,2025-26,2025-11-23,ATL,NYK,1610612737,1610612752,24025,NYK @ ATL
0022500393,2025-26,2025-11-23,SAC,LAC,1610612758,1610612746,24025,LAC @ SAC
0022500394,2025-26,2025-11-23,BKN,CHI,1610612751,1610612741,24025,CHI @ BKN
0022500395,2025-26,2025-11-23,UTA,MIA,1610612762,1610612748,24025,MIA @ UTA
0022500396,2025-26,2025-11-23,MIA,PHX,1610612748,1610612756,24025,PHX @ MIA
0022500397,2025-26,2025-11-23,NYK,ATL,1610612752,1610612737,24025,ATL @ NYK
0022500398,2025-26,2025-11-23,OKC,WAS,1610612760,1610612764,24025,WAS @ OKC
0022500399,2025-26,2025-11-23,PHI,SAS,1610612755,1610612759,24025,SAS @ PHI
0022500400,2025-26,2025-11-23,PHX,MIA,1610612756,1610612748,24025,MIA @ PHX
0022500401,2025-26,2025-11-24,DET,MIL,1610612765,1610612749,24025,MIL @ DET
0022500402,2025-26,2025-11-24,SAS,LAL,1610612759,1610612747,24025,LAL @ SAS
0022500403,2025-26,2025-11-24,NYK,MIL,1610612752,1610612749,24025,MIL @ NYK
0022500404,2025-26,2025-11-24,POR,UTA,1610612757,1610612762,24025,UTA @ POR
0022500405,2025-26,2025-11-24,BOS,MIL,1610612738,1610612749,24025,MIL @ BOS
0022500406,2025-26,2025-11-24,DAL,SAS,1610612742,1610612759,24025,SAS @ DAL
0022500407,2025-26,2025-11-24,IND,CLE,1610612754,1610612739,24025,CLE @ IND
0022500408,2025-26,2025-11-24,BOS,WAS,1610612738,1610612764,24025,WAS @ BOS
0022500409,2025-26,2025-11-24,IND,BKN,1610612754,1610612751,24025,BKN @ IND
0022500410,2025-26,2025-11-24,MIL,TOR,1610612749,1610612761,24025,TOR @ MIL
0022500411,2025-26,2025-11-25,HOU,DAL,1610612745,1610612742,24025,DAL @ HOU
0022500412,2025-26,2025-11-25,CLE,PHI,1610612739,1610612755,24025,PHI @ CLE
0022500413,2025-26,2025-11-25,NYK,DEN,1610612752,1610612743,24025,DEN @ NYK
0022500414,2025-26,2025-11-25,PHX,POR,1610612756,1610612757,24025,POR @ PHX
0022500415,2025-26,2025-11-25,GSW,LAL,1610612744,1610612747,24025,LAL @ GSW
0022500416,2025-26,2025-11-25,MIL,CHA,1610612749,1610612766,24025,CHA @ MIL
0022500417,2025-26,2025-11-25,CHA,CHI,1610612766,1610612741,24025,CHI @ CHA
0022500418,2025-26,2025-11-25,BOS,OKC,1610612738,1610612760,24025,OKC @ BOS
0022500419,2025-26,2025-11-25,DEN,LAL,1610612743,1610612747,24025,LAL @ DEN
0022500420,2025-26,2025-11-25,MEM,DEN,1610612763,1610612743,24025,DEN @ MEM
0022500421,2025-26,2025-11-26,DAL,CLE,1610612742,1610612739,24025,CLE @ DAL
0022500422,2025-26,2025-11-26,DEN,MIN,1610612743,1610612750,24025,MIN @ DEN
0022500423,2025-26,2025-11-26,TOR,BKN,1610612761,1610612751,24025,BKN @ TOR
0022500424,2025-26,2025-11-26,CHA,TOR,1610612766,1610612761,24025,TOR @ CHA
0022500425,2025-26,2025-11-26,DAL,UTA,1610612742,1610612762,24025,UTA @ DAL
0022500426,2025-26,2025-11-26,DEN,CLE,1610612743,1610612739,24025,CLE @ DEN
0022500427,2025-26,2025-11-26,HOU,LAL,1610612745,1610612747,24025,LAL @ HOU
0022500428,2025-26,2025-11-26,LAL,ATL,1610612747,1610612737,24025,ATL @ LAL
0022500429,2025-26,2025-11-26,SAS,NOP,1610612759,1610612740,24025,NOP @ SAS
0022500430,2025-26,2025-11-26,PHI,DAL,1610612755,1610612742,24025,DAL @ PHI
0022500431,2025-26,2025-11-27,NOP,CLE,1610612740,1610612739,24025,CLE @ NOP
0022500432,2025-26,2025-11-27,BOS,MIN,1610612738,1610612750,24025,MIN @ BOS
0022500433,2025-26,2025-11-27,PHX,OKC,1610612756,1610612760,24025,OKC @ PHX
0022500434,2025-26,2025-11-27,SAC,PHI,1610612758,1610612755,24025,PHI @ SAC
0022500435,2025-26,2025-11-27,LAL,UTA,1610612747,1610612762,24025,UTA @ LAL
0022500436,2025-26,2025-11-27,NYK,BKN,1610612752,1610612751,24025,BKN @ NYK
0022500437,2025-26,2025-11-27,DET,HOU,1610612765,1610612745,24025,HOU @ DET
0022500438,2025-26,2025-11-27,DEN,WAS,1610612743,1610612764,24025,WAS @ DEN
0022500439,2025-26,2025-11-27,CHI,ATL,1610612741,1610612737,24025,ATL @ CHI
0022500440,2025-26,2025-11-27,CHI,NOP,1610612741,1610612740,24025,NOP @ CHI
0022500441,2025-26,2025-11-28,CLE,WAS,1610612739,1610612764,24025,WAS @ CLE
0022500442,2025-26,2025-11-28,MIL,BOS,1610612749,1610612738,24025,BOS @ MIL
0022500443,2025-26,2025-11-28,CHI,TOR,1610612741,1610612761,24025,TOR @ CHI
0022500444,2025-26,2025-11-28,MEM,UTA,1610612763,1610612762,24025,UTA @ MEM
0022500445,2025-26,2025-11-28,DAL,LAC,1610612742,1610612746,24025,LAC @ DAL
0022500446,2025-26,2025-11-28,BOS,LAC,1610612738,1610612746,24025,LAC @ BOS
0022500447,2025-26,2025-11-28,UTA,CHI,1610612762,1610612741,24025,CHI @ UTA
0022500448,2025-26,2025-11-28,PHX,PHI,1610612756,1610612755,24025,PHI @ PHX
0022500449,2025-26,2025-11-28,DAL,MEM,1610612742,1610612763,24025,MEM @ DAL
0022500450,2025-26,2025-11-28,IND,GSW,1610612754,1610612744,24025,GSW @ IND
0022500451,2025-26,2025-11-29,BOS,NYK,1610612738,1610612752,24025,NYK @ BOS
0022500452,2025-26,2025-11-29,CLE,NYK,1610612739,1610612752,24025,NYK @ CLE
0022500453,2025-26,2025-11-29,MIL,MIA,1610612749,1610612748,24025,MIA @ MIL
0022500454,2025-26,2025-11-29,CHA,BOS,1610612766,1610612738,24025,BOS @ CHA
0022500455,2025-26,2025-11-29,UTA,PHX,1610612762,1610612756,24025,PHX @ UTA
0022500456,2025-26,2025-11-29,POR,LAC,1610612757,1610612746,24025,LAC @ POR
0022500457,2025-26,2025-11-29,BKN,MIN,1610612751,1610612750,24025,MIN @ BKN
0022500458,2025-26,2025-11-29,WAS,LAL,1610612764,1610612747,24025,LAL @ WAS
0022500459,2025-26,2025-11-29,NYK,SAS,1610612752,1610612759,24025,SAS @ NYK
0022500460,2025-26,2025-11-29,MEM,POR,1610612763,1610612757,24025,POR @ MEM
0022500461,2025-26,2025-11-30,ORL,GSW,1610612753,1610612744,24025,GSW @ ORL
0022500462,2025-26,2025-11-30,MIA,OKC,1610612748,1610612760,24025,OKC @ MIA
0022500463,2025-26,2025-11-30,DEN,POR,1610612743,1610612757,24025,POR @ DEN
0022500464,2025-26,2025-11-30,CLE,PHX,1610612739,1610612756,24025,PHX @ CLE
0022500465,2025-26,2025-11-30,WAS,DEN,1610612764,1610612743,24025,DEN @ WAS
0022500466,2025-26,2025-11-30,POR,MIA,1610612757,1610612748,24025,MIA @ POR
0022500467,2025-26,2025-11-30,CHI,MIL,1610612741,1610612749,24025,MIL @ CHI
0022500468,2025-26,2025-11-30,BOS,TOR,1610612738,1610612761,24025,TOR @ BOS
0022500469,2025-26,2025-11-30,MIL,MIN,1610612749,1610612750,24025,MIN @ MIL
0022500470,2025-26,2025-11-30,SAS,ORL,1610612759,1610612753,24025,ORL @ SAS
0022500471,2025-26,2025-12-01,PHX,OKC,1610612756,1610612760,24025,OKC @ PHX
0022500472,2025-26,2025-12-01,PHI,CHA,1610612755,1610612766,24025,CHA @ PHI
0022500473,2025-26,2025-12-01,MEM,GSW,1610612763,1610612744,24025,GSW @ MEM
0022500474,2025-26,2025-12-01,IND,MIL,1610612754,1610612749,24025,MIL @ IND
0022500475,2025-26,2025-12-01,BKN,LAL,1610612751,1610612747,24025,LAL @ BKN
0022500476,2025-26,2025-12-01,MIN,CHI,1610612750,1610612741,24025,CHI @ MIN
0022500477,2025-26,2025-12-01,SAS,MIN,1610612759,1610612750,24025,MIN @ SAS
0022500478,2025-26,2025-12-01,MIL,LAL,1610612749,1610612747,24025,LAL @ MIL
0022500479,2025-26,2025-12-01,CLE,TOR,1610612739,1610612761,24025,TOR @ CLE
0022500480,2025-26,2025-12-01,POR,PHI,1610612757,1610612755,24025,PHI @ POR
0022500481,2025-26,2025-12-02,ATL,MEM,1610612737,1610612763,24025,MEM @ ATL
0022500482,2025-26,2025-12-02,DEN,GSW,1610612743,1610612744,24025,GSW @ DEN
0022500483,2025-26,2025-12-02,BOS,ORL,1610612738,1610612753,24025,ORL @ BOS
0022500484,2025-26,2025-12-02,NYK,ORL,1610612752,1610612753,24025,ORL @ NYK
0022500485,2025-26,2025-12-02,LAC,DAL,1610612746,1610612742,24025,DAL @ LAC
0022500486,2025-26,2025-12-02,MIA,BOS,1610612748,1610612738,24025,BOS @ MIA
0022500487,2025-26,2025-12-02,TOR,OKC,1610612761,1610612760,24025,OKC @ TOR
0022500488,2025-26,2025-12-02,NYK,PHX,1610612752,1610612756,24025,PHX @ NYK
0022500489,2025-26,2025-12-02,SAC,MIN,1610612758,1610612750,24025,MIN @ SAC
0022500490,2025-26,2025-12-02,NOP,TOR,1610612740,1610612761,24025,TOR @ NOP
0022500491,2025-26,2025-12-03,DAL,CHI,1610612742,1610612741,24025,CHI @ DAL
0022500492,2025-26,2025-12-03,HOU,OKC,1610612745,1610612760,24025,OKC @ HOU
0022500493,2025-26,2025-12-03,MIL,PHI,1610612749,1610612755,24025,PHI @ MIL
0022500494,2025-26,2025-12-03,LAL,PHI,1610612747,1610612755,24025,PHI @ LAL
0022500495,2025-26,2025-12-03,MEM,MIL,1610612763,1610612749,24025,MIL @ MEM
0022500496,2025-26,2025-12-03,ATL,MIN,1610612737,1610612750,24025,MIN @ ATL
0022500497,2025-26,2025-12-03,CHI,PHX,1610612741,1610612756,24025,PHX @ CHI
0022500498,2025-26,2025-12-03,BOS,BKN,1610612738,1610612751,24025,BKN @ BOS
0022500499,2025-26,2025-12-03,DAL,PHX,1610612742,1610612756,24025,PHX @ DAL
0022500500,2025-26,2025-12-03,HOU,PHI,1610612745,1610612755,24025,PHI @ HOU
0022500501,2025-26,2025-12-04,POR,LAL,1610612757,1610612747,24025,LAL @ POR
0022500502,2025-26,2025-12-04,BKN,BOS,1610612751,1610612738,24025,BOS @ BKN
0022500503,2025-26,2025-12-04,DEN,MEM,1610612743,1610612763,24025,MEM @ DEN
0022500504,2025-26,2025-12-04,BKN,TOR,1610612751,1610612761,24025,TOR @ BKN
0022500505,2025-26,2025-12-04,CHI,MIN,1610612741,1610612750,24025,MIN @ CHI
0022500506,2025-26,2025-12-04,UTA,NYK,1610612762,1610612752,24025,NYK @ UTA
0022500507,2025-26,2025-12-04,MIL,ORL,1610612749,1610612753,24025,ORL @ MIL
0022500508,2025-26,2025-12-04,LAC,ATL,1610612746,1610612737,24025,ATL @ LAC
0022500509,2025-26,2025-12-04,PHI,BKN,1610612755,1610612751,24025,BKN @ PHI
0022500510,2025-26,2025-12-04,DET,TOR,1610612765,1610612761,24025,TOR @ DET
0022500511,2025-26,2025-12-05,HOU,CLE,1610612745,1610612739,24025,CLE @ HOU
0022500512,2025-26,2025-12-05,BOS,DEN,1610612738,1610612743,24025,DEN @ BOS
0022500513,2025-26,2025-12-05,NYK,CHA,1610612752,1610612766,24025,CHA @ NYK
0022500514,2025-26,2025-12-05,MEM,PHI,1610612763,1610612755,24025,PHI @ MEM
0022500515,2025-26,2025-12-05,OKC,DAL,1610612760,1610612742,24025,DAL @ OKC
0022500516,2025-26,2025-12-05,WAS,MIA,1610612764,1610612748,24025,MIA @ WAS
0022500517,2025-26,2025-12-05,MIL,OKC,1610612749,1610612760,24025,OKC @ MIL
0022500518,2025-26,2025-12-05,HOU,OKC,1610612745,1610612760,24025,OKC @ HOU
0022500519,2025-26,2025-12-05,DAL,NYK,1610612742,1610612752,24025,NYK @ DAL
0022500520,2025-26,2025-12-05,BOS,UTA,1610612738,1610612762,24025,UTA @ BOS
0022500521,2025-26,2025-12-06,OKC,UTA,1610612760,1610612762,24025,UTA @ OKC
0022500522,2025-26,2025-12-06,PHX,MIN,1610612756,1610612750,24025,MIN @ PHX
0022500523,2025-26,2025-12-06,MIL,CHA,1610612749,1610612766,24025,CHA @ MIL
0022500524,2025-26,2025-12-06,CHI,SAC,1610612741,1610612758,24025,SAC @ CHI
0022500525,2025-26,2025-12-06,IND,WAS,1610612754,1610612764,24025,WAS @ IND
0022500526,2025-26,2025-12-06,TOR,ATL,1610612761,1610612737,24025,ATL @ TOR
0022500527,2025-26,2025-12-06,MIA,IND,1610612748,1610612754,24025,IND @ MIA
0022500528,2025-26,2025-12-06,CHA,NYK,1610612766,1610612752,24025,NYK @ CHA
0022500529,2025-26,2025-12-06,MEM,NOP,1610612763,1610612740,24025,NOP @ MEM
0022500530,2025-26,2025-12-06,ORL,NYK,1610612753,1610612752,24025,NYK @ ORL
0022500531,2025-26,2025-12-07,PHI,ORL,1610612755,1610612753,24025,ORL @ PHI
0022500532,2025-26,2025-12-07,PHI,DET,1610612755,1610612765,24025,DET @ PHI
0022500533,2025-26,2025-12-07,MIA,NYK,1610612748,1610612752,24025,NYK @ MIA
0022500534,2025-26,2025-12-07,IND,LAC,1610612754,1610612746,24025,LAC @ IND
0022500535,2025-26,2025-12-07,SAC,DEN,1610612758,1610612743,24025,DEN @ SAC
0022500536,2025-26,2025-12-07,SAC,ATL,1610612758,1610612737,24025,ATL @ SAC
0022500537,2025-26,2025-12-07,PHI,NYK,1610612755,1610612752,24025,NYK @ PHI
0022500538,2025-26,2025-12-07,CLE,PHI,1610612739,1610612755,24025,PHI @ CLE
0022500539,2025-26,2025-12-07,NOP,ORL,1610612740,1610612753,24025,ORL @ NOP
0022500540,2025-26,2025-12-07,MIL,CLE,1610612749,1610612739,24025,CLE @ MIL
0022500541,2025-26,2025-12-08,HOU,TOR,1610612745,1610612761,24025,TOR @ HOU
0022500542,2025-26,2025-12-08,DEN,NYK,1610612743,1610612752,24025,NYK @ DEN
0022500543,2025-26,2025-12-08,CHI,WAS,1610612741,1610612764,24025,WAS @ CHI
0022500544,2025-26,2025-12-08,SAS,PHX,1610612759,1610612756,24025,PHX @ SAS
0022500545,2025-26,2025-12-08,OKC,DEN,1610612760,1610612743,24025,DEN @ OKC
0022500546,2025-26,2025-12-08,GSW,POR,1610612744,1610612757,24025,POR @ GSW
0022500547,2025-26,2025-12-08,BKN,DET,1610612751,1610612765,24025,DET @ BKN
0022500548,2025-26,2025-12-08,POR,LAL,1610612757,1610612747,24025,LAL @ POR
0022500549,2025-26,2025-12-08,SAC,PHX,1610612758,1610612756,24025,PHX @ SAC
0022500550,2025-26,2025-12-08,NOP,UTA,1610612740,1610612762,24025,UTA @ NOP
0022500551,2025-26,2025-12-09,SAC,POR,1610612758,1610612757,24025,POR @ SAC
0022500552,2025-26,2025-12-09,LAC,SAS,1610612746,1610612759,24025,SAS @ LAC
0022500553,2025-26,2025-12-09,SAC,GSW,1610612758,1610612744,24025,GSW @ SAC
0022500554,2025-26,2025-12-09,ORL,MIA,1610612753,1610612748,24025,MIA @ ORL
0022500555,2025-26,2025-12-09,POR,OKC,1610612757,1610612760,24025,OKC @ POR
0022500556,2025-26,2025-12-09,GSW,SAC,1610612744,1610612758,24025,SAC @ GSW
0022500557,2025-26,2025-12-09,GSW,LAC,1610612744,1610612746,24025,LAC @ GSW
0022500558,2025-26,2025-12-09,UTA,GSW,1610612762,1610612744,24025,GSW @ UTA
0022500559,2025-26,2025-12-09,BOS,LAL,1610612738,1610612747,24025,LAL @ BOS
0022500560,2025-26,2025-12-09,PHI,MIN,1610612755,1610612750,24025,MIN @ PHI
0022500561,2025-26,2025-12-10,PHI,LAC,1610612755,1610612746,24025,LAC @ PHI
0022500562,2025-26,2025-12-10,LAL,NOP,1610612747,1610612740,24025,NOP @ LAL
0022500563,2025-26,2025-12-10,DEN,POR,1610612743,1610612757,24025,POR @ DEN
0022500564,2025-26,2025-12-10,PHI,WAS,1610612755,1610612764,24025,WAS @ PHI
0022500565,2025-26,2025-12-10,SAC,CHI,1610612758,1610612741,24025,CHI @ SAC
0022500566,2025-26,2025-12-10,NOP,LAL,1610612740,1610612747,24025,LAL @ NOP
0022500567,2025-26,2025-12-10,LAC,DAL,1610612746,1610612742,24025,DAL @ LAC
0022500568,2025-26,2025-12-10,PHI,GSW,1610612755,1610612744,24025,GSW @ PHI
0022500569,2025-26,2025-12-10,ATL,BOS,1610612737,1610612738,24025,BOS @ ATL
0022500570,2025-26,2025-12-10,MIA,CHI,1610612748,1610612741,24025,CHI @ MIA
0022500571,2025-26,2025-12-11,PHX,DET,1610612756,1610612765,24025,DET @ PHX
0022500572,2025-26,2025-12-11,ORL,HOU,1610612753,1610612745,24025,HOU @ ORL
0022500573,2025-26,2025-12-11,IND,DEN,1610612754,1610612743,24025,DEN @ IND
0022500574,2025-26,2025-12-11,HOU,DAL,1610612745,1610612742,24025,DAL @ HOU
0022500575,2025-26,2025-12-11,DET,NYK,1610612765,1610612752,24025,NYK @ DET
0022500576,2025-26,2025-12-11,CLE,IND,1610612739,1610612754,24025,IND @ CLE
0022500577,2025-26,2025-12-11,MEM,HOU,1610612763,1610612745,24025,HOU @ MEM
0022500578,2025-26,2025-12-11,WAS,IND,1610612764,1610612754,24025,IND @ WAS
0022500579,2025-26,2025-12-11,ORL,BOS,1610612753,1610612738,24025,BOS @ ORL
0022500580,2025-26,2025-12-11,SAS,POR,1610612759,1610612757,24025,POR @ SAS
0022500581,2025-26,2025-12-12,NYK,SAC,1610612752,1610612758,24025,SAC @ NYK
0022500582,2025-26,2025-12-12,ATL,CHI,1610612737,1610612741,24025,CHI @ ATL
0022500583,2025-26,2025-12-12,HOU,MEM,1610612745,1610612763,24025,MEM @ HOU
0022500584,2025-26,2025-12-12,POR,HOU,1610612757,1610612745,24025,HOU @ POR
0022500585,2025-26,2025-12-12,MEM,PHX,1610612763,1610612756,24025,PHX @ MEM
0022500586,2025-26,2025-12-12,POR,CHA,1610612757,1610612766,24025,CHA @ POR
0022500587,2025-26,2025-12-12,SAC,UTA,1610612758,1610612762,24025,UTA @ SAC
0022500588,2025-26,2025-12-12,CLE,MIA,1610612739,1610612748,24025,MIA @ CLE
0022500589,2025-26,2025-12-12,GSW,ORL,1610612744,1610612753,24025,ORL @ GSW
0022500590,2025-26,2025-12-12,ORL,BKN,1610612753,1610612751,24025,BKN @ ORL
0022500591,2025-26,2025-12-13,BOS,MIL,1610612738,1610612749,24025,MIL @ BOS
0022500592,2025-26,2025-12-13,UTA,CLE,1610612762,1610612739,24025,CLE @ UTA
0022500593,2025-26,2025-12-13,UTA,DAL,1610612762,1610612742,24025,DAL @ UTA
0022500594,2025-26,2025-12-13,CHI,UTA,1610612741,1610612762,24025,UTA @ CHI
0022500595,2025-26,2025-12-13,IND,NYK,1610612754,1610612752,24025,NYK @ IND
0022500596,2025-26,2025-12-13,BKN,DEN,1610612751,1610612743,24025,DEN @ BKN
0022500597,2025-26,2025-12-13,UTA,HOU,1610612762,1610612745,24025,HOU @ UTA
0022500598,2025-26,2025-12-13,LAC,PHX,1610612746,1610612756,24025,PHX @ LAC
0022500599,2025-26,2025-12-13,CHI,HOU,1610612741,1610612745,24025,HOU @ CHI
0022500600,2025-26,2025-12-13,OKC,CHA,1610612760,1610612766,24025,CHA @ OKC
0022500601,2025-26,2025-12-14,UTA,MIL,1610612762,1610612749,24025,MIL @ UTA
0022500602,2025-26,2025-12-14,WAS,LAC,1610612764,1610612746,24025,LAC @ WAS
0022500603,2025-26,2025-12-14,SAS,BOS,1610612759,1610612738,24025,BOS @ SAS
0022500604,2025-26,2025-12-14,CHA,SAC,1610612766,1610612758,24025,SAC @ CHA
0022500605,2025-26,2025-12-14,PHX,IND,1610612756,1610612754,24025,IND @ PHX
0022500606,2025-26,2025-12-14,NYK,IND,1610612752,1610612754,24025,IND @ NYK
0022500607,2025-26,2025-12-14,MIA,CHA,1610612748,1610612766,24025,CHA @ MIA
0022500608,2025-26,2025-12-14,DET,CHA,1610612765,1610612766,24025,CHA @ DET
0022500609,2025-26,2025-12-14,ATL,IND,1610612737,1610612754,24025,IND @ ATL
0022500610,2025-26,2025-12-14,ATL,DEN,1610612737,1610612743,24025,DEN @ ATL
0022500611,2025-26,2025-12-15,OKC,LAL,1610612760,1610612747,24025,LAL @ OKC
0022500612,2025-26,2025-12-15,SAS,HOU,1610612759,1610612745,24025,HOU @ SAS
0022500613,2025-26,2025-12-15,HOU,MIA,1610612745,1610612748,24025,MIA @ HOU
0022500614,2025-26,2025-12-15,MIA,BKN,1610612748,1610612751,24025,BKN @ MIA
0022500615,2025-26,2025-12-15,SAS,TOR,1610612759,1610612761,24025,TOR @ SAS
0022500616,2025-26,2025-12-15,DET,GSW,1610612765,1610612744,24025,GSW @ DET
0022500617,2025-26,2025-12-15,LAL,SAS,1610612747,1610612759,24025,SAS @ LAL
0022500618,2025-26,2025-12-15,CHA,IND,1610612766,1610612754,24025,IND @ CHA
0022500619,2025-26,2025-12-15,CHA,PHI,1610612766,1610612755,24025,PHI @ CHA
0022500620,2025-26,2025-12-15,UTA,NOP,1610612762,1610612740,24025,NOP @ UTA
0022500621,2025-26,2025-12-16,OKC,NOP,1610612760,1610612740,24025,NOP @ OKC
0022500622,2025-26,2025-12-16,PHX,CLE,1610612756,1610612739,24025,CLE @ PHX
0022500623,2025-26,2025-12-16,DEN,PHI,1610612743,1610612755,24025,PHI @ DEN
0022500624,2025-26,2025-12-16,LAL,MIN,1610612747,1610612750,24025,MIN @ LAL
0022500625,2025-26,2025-12-16,DAL,GSW,1610612742,1610612744,24025,GSW @ DAL
0022500626,2025-26,2025-12-16,MIA,BOS,1610612748,1610612738,24025,BOS @ MIA
0022500627,2025-26,2025-12-16,BKN,PHX,1610612751,1610612756,24025,PHX @ BKN
0022500628,2025-26,2025-12-16,TOR,DAL,1610612761,1610612742,24025,DAL @ TOR
0022500629,2025-26,2025-12-16,NYK,IND,1610612752,1610612754,24025,IND @ NYK
0022500630,2025-26,2025-12-16,MIL,NOP,1610612749,1610612740,24025,NOP @ MIL
0022500631,2025-26,2025-12-17,NOP,MIN,1610612740,1610612750,24025,MIN @ NOP
0022500632,2025-26,2025-12-17,GSW,MIN,1610612744,1610612750,24025,MIN @ GSW
0022500633,2025-26,2025-12-17,NYK,CLE,1610612752,1610612739,24025,CLE @ NYK
0022500634,2025-26,2025-12-17,PHI,UTA,1610612755,1610612762,24025,UTA @ PHI
0022500635,2025-26,2025-12-17,MEM,CLE,1610612763,1610612739,24025,CLE @ MEM
0022500636,2025-26,2025-12-17,CHA,DET,1610612766,1610612765,24025,DET @ CHA
0022500637,2025-26,2025-12-17,DAL,LAL,1610612742,1610612747,24025,LAL @ DAL
0022500638,2025-26,2025-12-17,TOR,MIL,1610612761,1610612749,24025,MIL @ TOR
0022500639,2025-26,2025-12-17,UTA,ORL,1610612762,1610612753,24025,ORL @ UTA
0022500640,2025-26,2025-12-17,POR,NYK,1610612757,1610612752,24025,NYK @ POR
0022500641,2025-26,2025-12-18,BKN,BOS,1610612751,1610612738,24025,BOS @ BKN
0022500642,2025-26,2025-12-18,UTA,TOR,1610612762,1610612761,24025,TOR @ UTA
0022500643,2025-26,2025-12-18,SAS,IND,1610612759,1610612754,24025,IND @ SAS
0022500644,2025-26,2025-12-18,ORL,MIN,1610612753,1610612750,24025,MIN @ ORL
0022500645,2025-26,2025-12-18,LAL,SAS,1610612747,1610612759,24025,SAS @ LAL
0022500646,2025-26,2025-12-18,NOP,DEN,1610612740,1610612743,24025,DEN @ NOP
0022500647,2025-26,2025-12-18,MIN,MIL,1610612750,1610612749,24025,MIL @ MIN
0022500648,2025-26,2025-12-18,TOR,PHI,1610612761,1610612755,24025,PHI @ TOR
0022500649,2025-26,2025-12-18,CLE,BKN,1610612739,1610612751,24025,BKN @ CLE
0022500650,2025-26,2025-12-18,DEN,MIA,1610612743,1610612748,24025,MIA @ DEN
0022500651,2025-26,2025-12-19,CLE,MIA,1610612739,1610612748,24025,MIA @ CLE
0022500652,2025-26,2025-12-19,POR,CHI,1610612757,1610612741,24025,CHI @ POR
0022500653,2025-26,2025-12-19,CLE,NYK,1610612739,1610612752,24025,NYK @ CLE
0022500654,2025-26,2025-12-19,LAC,HOU,1610612746,1610612745,24025,HOU @ LAC
0022500655,2025-26,2025-12-19,NYK,ATL,1610612752,1610612737,24025,ATL @ NYK
0022500656,2025-26,2025-12-19,LAL,DET,1610612747,1610612765,24025,DET @ LAL
0022500657,2025-26,2025-12-19,TOR,NOP,1610612761,1610612740,24025,NOP @ TOR
0022500658,2025-26,2025-12-19,DEN,DAL,1610612743,1610612742,24025,DAL @ DEN
0022500659,2025-26,2025-12-19,TOR,HOU,1610612761,1610612745,24025,HOU @ TOR
0022500660,2025-26,2025-12-19,WAS,BOS,1610612764,1610612738,24025,BOS @ WAS
0022500661,2025-26,2025-12-20,BKN,HOU,1610612751,1610612745,24025,HOU @ BKN
0022500662,2025-26,2025-12-20,CLE,LAC,1610612739,1610612746,24025,LAC @ CLE
0022500663,2025-26,2025-12-20,PHX,HOU,1610612756,1610612745,24025,HOU @ PHX
0022500664,2025-26,2025-12-20,IND,UTA,1610612754,1610612762,24025,UTA @ IND
0022500665,2025-26,2025-12-20,TOR,DET,1610612761,1610612765,24025,DET @ TOR
0022500666,2025-26,2025-12-20,MIL,BOS,1610612749,1610612738,24025,BOS @ MIL
0022500667,2025-26,2025-12-20,BOS,CHA,1610612738,1610612766,24025,CHA @ BOS
0022500668,2025-26,2025-12-20,DET,PHI,1610612765,1610612755,24025,PHI @ DET
0022500669,2025-26,2025-12-20,UTA,PHX,1610612762,1610612756,24025,PHX @ UTA
0022500670,2025-26,2025-12-20,CLE,BKN,1610612739,1610612751,24025,BKN @ CLE
0022500671,2025-26,2025-12-21,PHX,UTA,1610612756,1610612762,24025,UTA @ PHX
0022500672,2025-26,2025-12-21,TOR,DEN,1610612761,1610612743,24025,DEN @ TOR
0022500673,2025-26,2025-12-21,IND,MIA,1610612754,1610612748,24025,MIA @ IND
0022500674,2025-26,2025-12-21,CHI,CLE,1610612741,1610612739,24025,CLE @ CHI
0022500675,2025-26,2025-12-21,HOU,CHI,1610612745,1610612741,24025,CHI @ HOU
0022500676,2025-26,2025-12-21,BKN,OKC,1610612751,1610612760,24025,OKC @ BKN
0022500677,2025-26,2025-12-21,SAS,GSW,1610612759,1610612744,24025,GSW @ SAS
0022500678,2025-26,2025-12-21,CHA,BKN,1610612766,1610612751,24025,BKN @ CHA
0022500679,2025-26,2025-12-21,DET,CLE,1610612765,1610612739,24025,CLE @ DET
0022500680,2025-26,2025-12-21,OKC,GSW,1610612760,1610612744,24025,GSW @ OKC
0022500681,2025-26,2025-12-22,DEN,MEM,1610612743,1610612763,24025,MEM @ DEN
0022500682,2025-26,2025-12-22,ATL,TOR,1610612737,1610612761,24025,TOR @ ATL
0022500683,2025-26,2025-12-22,LAL,IND,1610612747,1610612754,24025,IND @ LAL
0022500684,2025-26,2025-12-22,SAS,NYK,1610612759,1610612752,24025,NYK @ SAS
0022500685,2025-26,2025-12-22,IND,ORL,1610612754,1610612753,24025,ORL @ IND
0022500686,2025-26,2025-12-22,CHA,ORL,1610612766,1610612753,24025,ORL @ CHA
0022500687,2025-26,2025-12-22,PHX,GSW,1610612756,1610612744,24025,GSW @ PHX
0022500688,2025-26,2025-12-22,DET,WAS,1610612765,1610612764,24025,WAS @ DET
0022500689,2025-26,2025-12-22,GSW,DET,1610612744,1610612765,24025,DET @ GSW
0022500690,2025-26,2025-12-22,TOR,ORL,1610612761,1610612753,24025,ORL @ TOR
0022500691,2025-26,2025-12-23,SAC,CLE,1610612758,1610612739,24025,CLE @ SAC
0022500692,2025-26,2025-12-23,UTA,BKN,1610612762,1610612751,24025,BKN @ UTA
0022500693,2025-26,2025-12-23,DAL,SAC,1610612742,1610612758,24025,SAC @ DAL
0022500694,2025-26,2025-12-23,DET,DEN,1610612765,1610612743,24025,DEN @ DET
0022500695,2025-26,2025-12-23,LAL,NOP,1610612747,1610612740,24025,NOP @ LAL
0022500696,2025-26,2025-12-23,CHA,DEN,1610612766,1610612743,24025,DEN @ CHA
0022500697,2025-26,2025-12-23,BKN,WAS,1610612751,1610612764,24025,WAS @ BKN
0022500698,2025-26,2025-12-23,NOP,GSW,1610612740,1610612744,24025,GSW @ NOP
0022500699,2025-26,2025-12-23,SAC,POR,1610612758,1610612757,24025,POR @ SAC
0022500700,2025-26,2025-12-23,GSW,PHI,1610612744,1610612755,24025,PHI @ GSW
0022500701,2025-26,2025-12-24,HOU,DEN,1610612745,1610612743,24025,DEN @ HOU
0022500702,2025-26,2025-12-24,NYK,LAC,1610612752,1610612746,24025,LAC @ NYK
0022500703,2025-26,2025-12-24,DEN,OKC,1610612743,1610612760,24025,OKC @ DEN
0022500704,2025-26,2025-12-24,HOU,BKN,1610612745,1610612751,24025,BKN @ HOU
0022500705,2025-26,2025-12-24,BKN,ATL,1610612751,1610612737,24025,ATL @ BKN
0022500706,2025-26,2025-12-24,UTA,OKC,1610612762,1610612760,24025,OKC @ UTA
0022500707,2025-26,2025-12-24,CHA,CLE,1610612766,1610612739,24025,CLE @ CHA
0022500708,2025-26,2025-12-24,ORL,POR,1610612753,1610612757,24025,POR @ ORL
0022500709,2025-26,2025-12-24,WAS,MIN,1610612764,1610612750,24025,MIN @ WAS
0022500710,2025-26,2025-12-24,DET,BKN,1610612765,1610612751,24025,BKN @ DET
0022500711,2025-26,2025-12-25,POR,MIN,1610612757,1610612750,24025,MIN @ POR
0022500712,2025-26,2025-12-25,MEM,POR,1610612763,1610612757,24025,POR @ MEM
0022500713,2025-26,2025-12-25,CLE,OKC,1610612739,1610612760,24025,OKC @ CLE
0022500714,2025-26,2025-12-25,POR,MEM,1610612757,1610612763,24025,MEM @ POR
0022500715,2025-26,2025-12-25,LAC,UTA,1610612746,1610612762,24025,UTA @ LAC
0022500716,2025-26,2025-12-25,HOU,ORL,1610612745,1610612753,24025,ORL @ HOU
0022500717,2025-26,2025-12-25,MEM,WAS,1610612763,1610612764,24025,WAS @ MEM
0022500718,2025-26,2025-12-25,TOR,PHX,1610612761,1610612756,24025,PHX @ TOR
0022500719,2025-26,2025-12-25,BOS,PHI,1610612738,1610612755,24025,PHI @ BOS
0022500720,2025-26,2025-12-25,NYK,MIA,1610612752,1610612748,24025,MIA @ NYK
0022500721,2025-26,2025-12-26,TOR,CHI,1610612761,1610612741,24025,CHI @ TOR
0022500722,2025-26,2025-12-26,POR,OKC,1610612757,1610612760,24025,OKC @ POR
0022500723,2025-26,2025-12-26,PHI,ATL,1610612755,1610612737,24025,ATL @ PHI
0022500724,2025-26,2025-12-26,ATL,DAL,1610612737,1610612742,24025,DAL @ ATL
0022500725,2025-26,2025-12-26,SAS,MEM,1610612759,1610612763,24025,MEM @ SAS
0022500726,2025-26,2025-12-26,CLE,TOR,1610612739,1610612761,24025,TOR @ CLE
0022500727,2025-26,2025-12-26,OKC,GSW,1610612760,1610612744,24025,GSW @ OKC
0022500728,2025-26,2025-12-26,ATL,DET,1610612737,1610612765,24025,DET @ ATL
0022500729,2025-26,2025-12-26,WAS,PHI,1610612764,1610612755,24025,PHI @ WAS
0022500730,2025-26,2025-12-26,UTA,OKC,1610612762,1610612760,24025,OKC @ UTA
0022500731,2025-26,2025-12-27,BKN,DET,1610612751,1610612765,24025,DET @ BKN
0022500732,2025-26,2025-12-27,MIA,POR,1610612748,1610612757,24025,POR @ MIA
0022500733,2025-26,2025-12-27,NYK,CLE,1610612752,1610612739,24025,CLE @ NYK
0022500734,2025-26,2025-12-27,WAS,OKC,1610612764,1610612760,24025,OKC @ WAS
0022500735,2025-26,2025-12-27,ORL,TOR,1610612753,1610612761,24025,TOR @ ORL
0022500736,2025-26,2025-12-27,MEM,IND,1610612763,1610612754,24025,IND @ MEM
0022500737,2025-26,2025-12-27,IND,DAL,1610612754,1610612742,24025,DAL @ IND
0022500738,2025-26,2025-12-27,LAC,TOR,1610612746,1610612761,24025,TOR @ LAC
0022500739,2025-26,2025-12-27,WAS,MEM,1610612764,1610612763,24025,MEM @ WAS
0022500740,2025-26,2025-12-27,SAS,DEN,1610612759,1610612743,24025,DEN @ SAS
0022500741,2025-26,2025-12-28,DAL,GSW,1610612742,1610612744,24025,GSW @ DAL
0022500742,2025-26,2025-12-28,PHI,NOP,1610612755,1610612740,24025,NOP @ PHI
0022500743,2025-26,2025-12-28,HOU,MEM,1610612745,1610612763,24025,MEM @ HOU
0022500744,2025-26,2025-12-28,MIN,LAL,1610612750,1610612747,24025,LAL @ MIN
0022500745,2025-26,2025-12-28,CHA,LAC,1610612766,1610612746,24025,LAC @ CHA
0022500746,2025-26,2025-12-28,HOU,CHA,1610612745,1610612766,24025,CHA @ HOU
0022500747,2025-26,2025-12-28,GSW,UTA,1610612744,1610612762,24025,UTA @ GSW
0022500748,2025-26,2025-12-28,SAC,HOU,1610612758,1610612745,24025,HOU @ SAC
0022500749,2025-26,2025-12-28,ATL,NOP,1610612737,1610612740,24025,NOP @ ATL
0022500750,2025-26,2025-12-28,BKN,CHA,1610612751,1610612766,24025,CHA @ BKN
0022500751,2025-26,2025-12-29,NYK,TOR,1610612752,1610612761,24025,TOR @ NYK
0022500752,2025-26,2025-12-29,POR,WAS,1610612757,1610612764,24025,WAS @ POR
0022500753,2025-26,2025-12-29,CLE,CHI,1610612739,1610612741,24025,CHI @ CLE
0022500754,2025-26,2025-12-29,BKN,IND,1610612751,1610612754,24025,IND @ BKN
0022500755,2025-26,2025-12-29,BKN,ORL,1610612751,1610612753,24025,ORL @ BKN
0022500756,2025-26,2025-12-29,HOU,MIN,1610612745,1610612750,24025,MIN @ HOU
0022500757,2025-26,2025-12-29,DEN,UTA,1610612743,1610612762,24025,UTA @ DEN
0022500758,2025-26,2025-12-29,HOU,IND,1610612745,1610612754,24025,IND @ HOU
0022500759,2025-26,2025-12-29,WAS,NOP,1610612764,1610612740,24025,NOP @ WAS
0022500760,2025-26,2025-12-29,CHI,LAC,1610612741,1610612746,24025,LAC @ CHI
0022500761,2025-26,2025-12-30,IND,ATL,1610612754,1610612737,24025,ATL @ IND
0022500762,2025-26,2025-12-30,HOU,UTA,1610612745,1610612762,24025,UTA @ HOU
0022500763,2025-26,2025-12-30,NYK,PHI,1610612752,1610612755,24025,PHI @ NYK
0022500764,2025-26,2025-12-30,PHX,BOS,1610612756,1610612738,24025,BOS @ PHX
0022500765,2025-26,2025-12-30,BKN,ORL,1610612751,1610612753,24025,ORL @ BKN
0022500766,2025-26,2025-12-30,WAS,TOR,1610612764,1610612761,24025,TOR @ WAS
0022500767,2025-26,2025-12-30,UTA,CHA,1610612762,1610612766,24025,CHA @ UTA
0022500768,2025-26,2025-12-30,SAC,DET,1610612758,1610612765,24025,DET @ SAC
0022500769,2025-26,2025-12-30,MEM,DEN,1610612763,1610612743,24025,DEN @ MEM
0022500770,2025-26,2025-12-30,HOU,POR,1610612745,1610612757,24025,POR @ HOU
0022500771,2025-26,2025-12-31,BOS,IND,1610612738,1610612754,24025,IND @ BOS
0022500772,2025-26,2025-12-31,CHI,DET,1610612741,1610612765,24025,DET @ CHI
0022500773,2025-26,2025-12-31,LAL,NYK,1610612747,1610612752,24025,NYK @ LAL
0022500774,2025-26,2025-12-31,MIN,WAS,1610612750,1610612764,24025,WAS @ MIN
0022500775,2025-26,2025-12-31,BOS,TOR,1610612738,1610612761,24025,TOR @ BOS
0022500776,2025-26,2025-12-31,BKN,IND,1610612751,1610612754,24025,IND @ BKN
0022500777,2025-26,2025-12-31,PHI,TOR,1610612755,1610612761,24025,TOR @ PHI
0022500778,2025-26,2025-12-31,MIN,ORL,1610612750,1610612753,24025,ORL @ MIN
0022500779,2025-26,2025-12-31,DEN,LAL,1610612743,1610612747,24025,LAL @ DEN
0022500780,2025-26,2025-12-31,SAS,MEM,1610612759,1610612763,24025,MEM @ SAS
0022500781,2025-26,2026-01-01,LAC,OKC,1610612746,1610612760,24025,OKC @ LAC
0022500782,2025-26,2026-01-01,HOU,DEN,1610612745,1610612743,24025,DEN @ HOU
0022500783,2025-26,2026-01-01,SAS,PHI,1610612759,1610612755,24025,PHI @ SAS
0022500784,2025-26,2026-01-01,BOS,WAS,1610612738,1610612764,24025,WAS @ BOS
0022500785,2025-26,2026-01-01,UTA,LAC,1610612762,1610612746,24025,LAC @ UTA
0022500786,2025-26,2026-01-01,DEN,DET,1610612743,1610612765,24025,DET @ DEN
0022500787,2025-26,2026-01-01,CHI,WAS,1610612741,1610612764,24025,WAS @ CHI
0022500788,2025-26,2026-01-01,IND,ORL,1610612754,1610612753,24025,ORL @ IND
0022500789,2025-26,2026-01-01,TOR,CHA,1610612761,1610612766,24025,CHA @ TOR
0022500790,2025-26,2026-01-01,PHX,SAS,1610612756,1610612759,24025,SAS @ PHX
0022500791,2025-26,2026-01-02,SAC,UTA,1610612758,1610612762,24025,UTA @ SAC
0022500792,2025-26,2026-01-02,DEN,ATL,1610612743,1610612737,24025,ATL @ DEN
0022500793,2025-26,2026-01-02,MIN,SAC,1610612750,1610612758,24025,SAC @ MIN
0022500794,2025-26,2026-01-02,SAS,POR,1610612759,1610612757,24025,POR @ SAS
0022500795,2025-26,2026-01-02,POR,NOP,1610612757,1610612740,24025,NOP @ POR
0022500796,2025-26,2026-01-02,NYK,MIA,1610612752,1610612748,24025,MIA @ NYK
0022500797,2025-26,2026-01-02,TOR,MIA,1610612761,1610612748,24025,MIA @ TOR
0022500798,2025-26,2026-01-02,MIA,MIN,1610612748,1610612750,24025,MIN @ MIA
0022500799,2025-26,2026-01-02,MIN,NOP,1610612750,1610612740,24025,NOP @ MIN
0022500800,2025-26,2026-01-02,DET,CHA,1610612765,1610612766,24025,CHA @ DET
0022500801,2025-26,2026-01-03,DAL,ATL,1610612742,1610612737,24025,ATL @ DAL
0022500802,2025-26,2026-01-03,BKN,TOR,1610612751,1610612761,24025,TOR @ BKN
0022500803,2025-26,2026-01-03,CHA,GSW,1610612766,1610612744,24025,GSW @ CHA
0022500804,2025-26,2026-01-03,BOS,CLE,1610612738,1610612739,24025,CLE @ BOS
0022500805,2025-26,2026-01-03,NYK,LAL,1610612752,1610612747,24025,LAL @ NYK
0022500806,2025-26,2026-01-03,NOP,LAC,1610612740,1610612746,24025,LAC @ NOP
0022500807,2025-26,2026-01-03,NOP,MIN,1610612740,1610612750,24025,MIN @ NOP
0022500808,2025-26,2026-01-03,DEN,SAC,1610612743,1610612758,24025,SAC @ DEN
0022500809,2025-26,2026-01-03,DET,BOS,1610612765,1610612738,24025,BOS @ DET
0022500810,2025-26,2026-01-03,NYK,POR,1610612752,1610612757,24025,POR @ NYK
0022500811,2025-26,2026-01-04,GSW,CHA,1610612744,1610612766,24025,CHA @ GSW
0022500812,2025-26,2026-01-04,CHI,DEN,1610612741,1610612743,24025,DEN @ CHI
0022500813,2025-26,2026-01-04,MIL,DET,1610612749,1610612765,24025,DET @ MIL
0022500814,2025-26,2026-01-04,NOP,LAC,1610612740,1610612746,24025,LAC @ NOP
0022500815,2025-26,2026-01-04,TOR,MIN,1610612761,1610612750,24025,MIN @ TOR
0022500816,2025-26,2026-01-04,MEM,BKN,1610612763,1610612751,24025,BKN @ MEM
0022500817,2025-26,2026-01-04,TOR,MIL,1610612761,1610612749,24025,MIL @ TOR
0022500818,2025-26,2026-01-04,SAC,NOP,1610612758,1610612740,24025,NOP @ SAC
0022500819,2025-26,2026-01-04,LAC,SAS,1610612746,1610612759,24025,SAS @ LAC
0022500820,2025-26,2026-01-04,PHI,NYK,1610612755,1610612752,24025,NYK @ PHI
0022500821,2025-26,2026-01-05,WAS,BKN,1610612764,1610612751,24025,BKN @ WAS
0022500822,2025-26,2026-01-05,MIL,SAS,1610612749,1610612759,24025,SAS @ MIL
0022500823,2025-26,2026-01-05,GSW,OKC,1610612744,1610612760,24025,OKC @ GSW
0022500824,2025-26,2026-01-05,MIA,DET,1610612748,1610612765,24025,DET @ MIA
0022500825,2025-26,2026-01-05,PHI,LAL,1610612755,1610612747,24025,LAL @ PHI
0022500826,2025-26,2026-01-05,CHI,BOS,1610612741,1610612738,24025,BOS @ CHI
0022500827,2025-26,2026-01-05,DAL,MEM,1610612742,1610612763,24025,MEM @ DAL
0022500828,2025-26,2026-01-05,ORL,IND,1610612753,1610612754,24025,IND @ ORL
0022500829,2025-26,2026-01-05,BOS,CHI,1610612738,1610612741,24025,CHI @ BOS
0022500830,2025-26,2026-01-05,CHA,PHX,1610612766,1610612756,24025,PHX @ CHA
0022500831,2025-26,2026-01-06,WAS,MIL,1610612764,1610612749,24025,MIL @ WAS
0022500832,2025-26,2026-01-06,WAS,CHI,1610612764,1610612741,24025,CHI @ WAS
0022500833,2025-26,2026-01-06,CHA,HOU,1610612766,1610612745,24025,HOU @ CHA
0022500834,2025-26,2026-01-06,NOP,BKN,1610612740,1610612751,24025,BKN @ NOP
0022500835,2025-26,2026-01-06,DET,CHI,1610612765,1610612741,24025,CHI @ DET
0022500836,2025-26,2026-01-06,LAL,PHX,1610612747,1610612756,24025,PHX @ LAL
0022500837,2025-26,2026-01-06,POR,DEN,1610612757,1610612743,24025,DEN @ POR
0022500838,2025-26,2026-01-06,SAC,ORL,1610612758,1610612753,24025,ORL @ SAC
0022500839,2025-26,2026-01-06,CHA,MIA,1610612766,1610612748,24025,MIA @ CHA
0022500840,2025-26,2026-01-06,TOR,CHI,1610612761,1610612741,24025,CHI @ TOR
0022500841,2025-26,2026-01-07,GSW,SAS,1610612744,1610612759,24025,SAS @ GSW
0022500842,2025-26,2026-01-07,ORL,DAL,1610612753,1610612742,24025,DAL @ ORL
0022500843,2025-26,2026-01-07,ORL,PHX,1610612753,1610612756,24025,PHX @ ORL
0022500844,2025-26,2026-01-07,PHI,PHX,1610612755,1610612756,24025,PHX @ PHI
0022500845,2025-26,2026-01-07,LAL,LAC,1610612747,1610612746,24025,LAC @ LAL
0022500846,2025-26,2026-01-07,GSW,IND,1610612744,1610612754,24025,IND @ GSW
0022500847,2025-26,2026-01-07,LAC,MIL,1610612746,1610612749,24025,MIL @ LAC
0022500848,2025-26,2026-01-07,POR,BKN,1610612757,1610612751,24025,BKN @ POR
0022500849,2025-26,2026-01-07,IND,CHA,1610612754,1610612766,24025,CHA @ IND
0022500850,2025-26,2026-01-07,OKC,TOR,1610612760,1610612761,24025,TOR @ OKC
0022500851,2025-26,2026-01-08,DAL,MIN,1610612742,1610612750,24025,MIN @ DAL
0022500852,2025-26,2026-01-08,DET,SAC,1610612765,1610612758,24025,SAC @ DET
0022500853,2025-26,2026-01-08,MIN,UTA,1610612750,1610612762,24025,UTA @ MIN
0022500854,2025-26,2026-01-08,PHX,ATL,1610612756,1610612737,24025,ATL @ PHX
0022500855,2025-26,2026-01-08,ATL,PHX,1610612737,1610612756,24025,PHX @ ATL
0022500856,2025-26,2026-01-08,ORL,SAS,1610612753,1610612759,24025,SAS @ ORL
0022500857,2025-26,2026-01-08,CHI,IND,1610612741,1610612754,24025,IND @ CHI
0022500858,2025-26,2026-01-08,MIN,CLE,1610612750,1610612739,24025,CLE @ MIN
0022500859,2025-26,2026-01-08,MEM,DAL,1610612763,1610612742,24025,DAL @ MEM
0022500860,2025-26,2026-01-08,CHI,MEM,1610612741,1610612763,24025,MEM @ CHI
0022500861,2025-26,2026-01-09,PHX,SAS,1610612756,1610612759,24025,SAS @ PHX
0022500862,2025-26,2026-01-09,HOU,WAS,1610612745,1610612764,24025,WAS @ HOU
0022500863,2025-26,2026-01-09,MEM,ORL,1610612763,1610612753,24025,ORL @ MEM
0022500864,2025-26,2026-01-09,PHI,MEM,1610612755,1610612763,24025,MEM @ PHI
0022500865,2025-26,2026-01-09,CHA,ATL,1610612766,1610612737,24025,ATL @ CHA
0022500866,2025-26,2026-01-09,ATL,GSW,1610612737,1610612744,24025,GSW @ ATL
0022500867,2025-26,2026-01-09,MIN,MEM,1610612750,1610612763,24025,MEM @ MIN
0022500868,2025-26,2026-01-09,CHI,LAL,1610612741,1610612747,24025,LAL @ CHI
0022500869,2025-26,2026-01-09,GSW,PHX,1610612744,1610612756,24025,PHX @ GSW
0022500870,2025-26,2026-01-09,ORL,BKN,1610612753,1610612751,24025,BKN @ ORL
0022500871,2025-26,2026-01-10,BOS,DET,1610612738,1610612765,24025,DET @ BOS
0022500872,2025-26,2026-01-10,IND,CHI,1610612754,1610612741,24025,CHI @ IND
0022500873,2025-26,2026-01-10,DAL,POR,1610612742,1610612757,24025,POR @ DAL
0022500874,2025-26,2026-01-10,POR,HOU,1610612757,1610612745,24025,HOU @ POR
0022500875,2025-26,2026-01-10,LAC,CHA,1610612746,1610612766,24025,CHA @ LAC
0022500876,2025-26,2026-01-10,MEM,SAS,1610612763,1610612759,24025,SAS @ MEM
0022500877,2025-26,2026-01-10,CHA,WAS,1610612766,1610612764,24025,WAS @ CHA
0022500878,2025-26,2026-01-10,TOR,LAC,1610612761,1610612746,24025,LAC @ TOR
0022500879,2025-26,2026-01-10,POR,DEN,1610612757,1610612743,24025,DEN @ POR
0022500880,2025-26,2026-01-10,PHX,LAC,1610612756,1610612746,24025,LAC @ PHX
0022500881,2025-26,2026-01-11,NYK,UTA,1610612752,1610612762,24025,UTA @ NYK
0022500882,2025-26,2026-01-11,SAC,MIN,1610612758,1610612750,24025,MIN @ SAC
0022500883,2025-26,2026-01-11,BOS,GSW,1610612738,1610612744,24025,GSW @ BOS
0022500884,2025-26,2026-01-11,LAL,ORL,1610612747,1610612753,24025,ORL @ LAL
0022500885,2025-26,2026-01-11,NOP,IND,1610612740,1610612754,24025,IND @ NOP
0022500886,2025-26,2026-01-11,CHA,BKN,1610612766,1610612751,24025,BKN @ CHA
0022500887,2025-26,2026-01-11,PHX,TOR,1610612756,1610612761,24025,TOR @ PHX
0022500888,2025-26,2026-01-11,LAL,HOU,1610612747,1610612745,24025,HOU @ LAL
0022500889,2025-26,2026-01-11,DAL,BKN,1610612742,1610612751,24025,BKN @ DAL
0022500890,2025-26,2026-01-11,SAC,NOP,1610612758,1610612740,24025,NOP @ SAC
0022500891,2025-26,2026-01-12,MEM,BOS,1610612763,1610612738,24025,BOS @ MEM
0022500892,2025-26,2026-01-12,BKN,CHI,1610612751,1610612741,24025,CHI @ BKN
0022500893,2025-26,2026-01-12,CLE,WAS,1610612739,1610612764,24025,WAS @ CLE
0022500894,2025-26,2026-01-12,NYK,DET,1610612752,1610612765,24025,DET @ NYK
0022500895,2025-26,2026-01-12,MIL,LAC,1610612749,1610612746,24025,LAC @ MIL
0022500896,2025-26,2026-01-12,DEN,CHA,1610612743,1610612766,24025,CHA @ DEN
0022500897,2025-26,2026-01-12,UTA,SAS,1610612762,1610612759,24025,SAS @ UTA
0022500898,2025-26,2026-01-12,POR,SAC,1610612757,1610612758,24025,SAC @ POR
0022500899,2025-26,2026-01-12,ORL,NOP,1610612753,1610612740,24025,NOP @ ORL
0022500900,2025-26,2026-01-12,MEM,LAL,1610612763,1610612747,24025,LAL @ MEM
0022500901,2025-26,2026-01-13,PHX,MEM,1610612756,1610612763,24025,MEM @ PHX
0022500902,2025-26,2026-01-13,CLE,SAS,1610612739,1610612759,24025,SAS @ CLE
0022500903,2025-26,2026-01-13,CHI,BOS,1610612741,1610612738,24025,BOS @ CHI
0022500904,2025-26,2026-01-13,CHI,ATL,1610612741,1610612737,24025,ATL @ CHI
0022500905,2025-26,2026-01-13,GSW,WAS,1610612744,1610612764,24025,WAS @ GSW
0022500906,2025-26,2026-01-13,GSW,HOU,1610612744,1610612745,24025,HOU @ GSW
0022500907,2025-26,2026-01-13,ATL,CHI,1610612737,1610612741,24025,CHI @ ATL
0022500908,2025-26,2026-01-13,POR,MEM,1610612757,1610612763,24025,MEM @ POR
0022500909,2025-26,2026-01-13,LAL,MIA,1610612747,1610612748,24025,MIA @ LAL
0022500910,2025-26,2026-01-13,MIL,ATL,1610612749,1610612737,24025,ATL @ MIL
0022500911,2025-26,2026-01-14,PHI,POR,1610612755,1610612757,24025,POR @ PHI
0022500912,2025-26,2026-01-14,BOS,IND,1610612738,1610612754,24025,IND @ BOS
0022500913,2025-26,2026-01-14,CHA,PHI,1610612766,1610612755,24025,PHI @ CHA
0022500914,2025-26,2026-01-14,UTA,SAC,1610612762,1610612758,24025,SAC @ UTA
0022500915,2025-26,2026-01-14,ORL,NYK,1610612753,1610612752,24025,NYK @ ORL
0022500916,2025-26,2026-01-14,OKC,MIL,1610612760,1610612749,24025,MIL @ OKC
0022500917,2025-26,2026-01-14,DET,IND,1610612765,1610612754,24025,IND @ DET
0022500918,2025-26,2026-01-14,CHA,WAS,1610612766,1610612764,24025,WAS @ CHA
0022500919,2025-26,2026-01-14,NOP,POR,1610612740,1610612757,24025,POR @ NOP
0022500920,2025-26,2026-01-14,CLE,DEN,1610612739,1610612743,24025,DEN @ CLE
0022500921,2025-26,2026-01-15,CHA,NOP,1610612766,1610612740,24025,NOP @ CHA
0022500922,2025-26,2026-01-15,BOS,BKN,1610612738,1610612751,24025,BKN @ BOS
0022500923,2025-26,2026-01-15,IND,DET,1610612754,1610612765,24025,DET @ IND
0022500924,2025-26,2026-01-15,BKN,UTA,1610612751,1610612762,24025,UTA @ BKN
0022500925,2025-26,2026-01-15,SAS,DEN,1610612759,1610612743,24025,DEN @ SAS
0022500926,2025-26,2026-01-15,DET,MEM,1610612765,1610612763,24025,MEM @ DET
0022500927,2025-26,2026-01-15,ATL,WAS,1610612737,1610612764,24025,WAS @ ATL
0022500928,2025-26,2026-01-15,LAC,CLE,1610612746,1610612739,24025,CLE @ LAC
0022500929,2025-26,2026-01-15,MEM,LAC,1610612763,1610612746,24025,LAC @ MEM
0022500930,2025-26,2026-01-15,DET,OKC,1610612765,1610612760,24025,OKC @ DET
0022500931,2025-26,2026-01-16,GSW,HOU,1610612744,1610612745,24025,HOU @ GSW
0022500932,2025-26,2026-01-16,BOS,MEM,1610612738,1610612763,24025,MEM @ BOS
0022500933,2025-26,2026-01-16,CHI,PHI,1610612741,1610612755,24025,PHI @ CHI
0022500934,2025-26,2026-01-16,MIN,BOS,1610612750,1610612738,24025,BOS @ MIN
0022500935,2025-26,2026-01-16,OKC,SAC,1610612760,1610612758,24025,SAC @ OKC
0022500936,2025-26,2026-01-16,BOS,SAS,1610612738,1610612759,24025,SAS @ BOS
0022500937,2025-26,2026-01-16,MIN,LAC,1610612750,1610612746,24025,LAC @ MIN
0022500938,2025-26,2026-01-16,PHX,MIN,1610612756,1610612750,24025,MIN @ PHX
0022500939,2025-26,2026-01-16,LAL,CLE,1610612747,1610612739,24025,CLE @ LAL
0022500940,2025-26,2026-01-16,TOR,ATL,1610612761,1610612737,24025,ATL @ TOR
0022500941,2025-26,2026-01-17,PHI,CLE,1610612755,1610612739,24025,CLE @ PHI
0022500942,2025-26,2026-01-17,ATL,MIA,1610612737,1610612748,24025,MIA @ ATL
0022500943,2025-26,2026-01-17,NOP,POR,1610612740,1610612757,24025,POR @ NOP
0022500944,2025-26,2026-01-17,MIN,PHI,1610612750,1610612755,24025,PHI @ MIN
0022500945,2025-26,2026-01-17,UTA,IND,1610612762,1610612754,24025,IND @ UTA
0022500946,2025-26,2026-01-17,DEN,TOR,1610612743,1610612761,24025,TOR @ DEN
0022500947,2025-26,2026-01-17,POR,SAC,1610612757,1610612758,24025,SAC @ POR
0022500948,2025-26,2026-01-17,SAS,MIL,1610612759,1610612749,24025,MIL @ SAS
0022500949,2025-26,2026-01-17,DAL,UTA,1610612742,1610612762,24025,UTA @ DAL
0022500950,2025-26,2026-01-17,ORL,MEM,1610612753,1610612763,24025,MEM @ ORL
0022500951,2025-26,2026-01-18,SAC,HOU,1610612758,1610612745,24025,HOU @ SAC
0022500952,2025-26,2026-01-18,SAS,UTA,1610612759,1610612762,24025,UTA @ SAS
0022500953,2025-26,2026-01-18,SAS,DET,1610612759,1610612765,24025,DET @ SAS
0022500954,2025-26,2026-01-18,UTA,LAL,1610612762,1610612747,24025,LAL @ UTA
0022500955,2025-26,2026-01-18,MIL,NYK,1610612749,1610612752,24025,NYK @ MIL
0022500956,2025-26,2026-01-18,TOR,CHA,1610612761,1610612766,24025,CHA @ TOR
0022500957,2025-26,2026-01-18,LAL,BOS,1610612747,1610612738,24025,BOS @ LAL
0022500958,2025-26,2026-01-18,TOR,ORL,1610612761,1610612753,24025,ORL @ TOR
0022500959,2025-26,2026-01-18,CHI,ORL,1610612741,1610612753,24025,ORL @ CHI
0022500960,2025-26,2026-01-18,DET,CLE,1610612765,1610612739,24025,CLE @ DET
0022500961,2025-26,2026-01-19,LAL,CHA,1610612747,1610612766,24025,CHA @ LAL
0022500962,2025-26,2026-01-19,LAL,OKC,1610612747,1610612760,24025,OKC @ LAL
0022500963,2025-26,2026-01-19,LAC,DEN,1610612746,1610612743,24025,DEN @ LAC
0022500964,2025-26,2026-01-19,POR,DET,1610612757,1610612765,24025,DET @ POR
0022500965,2025-26,2026-01-19,CHI,NYK,1610612741,1610612752,24025,NYK @ CHI
0022500966,2025-26,2026-01-19,WAS,SAS,1610612764,1610612759,24025,SAS @ WAS
0022500967,2025-26,2026-01-19,NOP,CHA,1610612740,1610612766,24025,CHA @ NOP
0022500968,2025-26,2026-01-19,MIL,SAC,1610612749,1610612758,24025,SAC @ MIL
0022500969,2025-26,2026-01-19,ORL,PHI,1610612753,1610612755,24025,PHI @ ORL
0022500970,2025-26,2026-01-19,UTA,MEM,1610612762,1610612763,24025,MEM @ UTA
0022500971,2025-26,2026-01-20,NYK,WAS,1610612752,1610612764,24025,WAS @ NYK
0022500972,2025-26,2026-01-20,DEN,BKN,1610612743,1610612751,24025,BKN @ DEN
0022500973,2025-26,2026-01-20,BOS,ORL,1610612738,1610612753,24025,ORL @ BOS
0022500974,2025-26,2026-01-20,BOS,CHA,1610612738,1610612766,24025,CHA @ BOS
0022500975,2025-26,2026-01-20,MIA,ATL,1610612748,1610612737,24025,ATL @ MIA
0022500976,2025-26,2026-01-20,UTA,HOU,1610612762,1610612745,24025,HOU @ UTA
0022500977,2025-26,2026-01-20,WAS,NYK,1610612764,1610612752,24025,NYK @ WAS
0022500978,2025-26,2026-01-20,CLE,CHA,1610612739,1610612766,24025,CHA @ CLE
0022500979,2025-26,2026-01-20,SAC,WAS,1610612758,1610612764,24025,WAS @ SAC
0022500980,2025-26,2026-01-20,TOR,IND,1610612761,1610612754,24025,IND @ TOR
0022500981,2025-26,2026-01-21,SAS,DAL,1610612759,1610612742,24025,DAL @ SAS
0022500982,2025-26,2026-01-21,PHI,DEN,1610612755,1610612743,24025,DEN @ PHI
0022500983,2025-26,2026-01-21,UTA,NOP,1610612762,1610612740,24025,NOP @ UTA
0022500984,2025-26,2026-01-21,MIL,PHX,1610612749,1610612756,24025,PHX @ MIL
0022500985,2025-26,2026-01-21,NYK,MEM,1610612752,1610612763,24025,MEM @ NYK
0022500986,2025-26,2026-01-21,MIA,MIL,1610612748,1610612749,24025,MIL @ MIA
0022500987,2025-26,2026-01-21,PHI,CHI,1610612755,1610612741,24025,CHI @ PHI
0022500988,2025-26,2026-01-21,DEN,SAS,1610612743,1610612759,24025,SAS @ DEN
0022500989,2025-26,2026-01-21,PHI,MIA,1610612755,1610612748,24025,MIA @ PHI
0022500990,2025-26,2026-01-21,SAC,PHX,1610612758,1610612756,24025,PHX @ SAC
0022500991,2025-26,2026-01-22,NOP,LAL,1610612740,1610612747,24025,LAL @ NOP
0022500992,2025-26,2026-01-22,BOS,DAL,1610612738,1610612742,24025,DAL @ BOS
0022500993,2025-26,2026-01-22,HOU,LAC,1610612745,1610612746,24025,LAC @ HOU
0022500994,2025-26,2026-01-22,MIN,CHA,1610612750,1610612766,24025,CHA @ MIN
0022500995,2025-26,2026-01-22,PHX,BKN,1610612756,1610612751,24025,BKN @ PHX
0022500996,2025-26,2026-01-22,DET,DAL,1610612765,1610612742,24025,DAL @ DET
0022500997,2025-26,2026-01-22,ORL,CHI,1610612753,1610612741,24025,CHI @ ORL
0022500998,2025-26,2026-01-22,ORL,BOS,1610612753,1610612738,24025,BOS @ ORL
0022500999,2025-26,2026-01-22,LAC,MIA,1610612746,1610612748,24025,MIA @ LAC
0022501000,2025-26,2026-01-22,DET,IND,1610612765,1610612754,24025,IND @ DET
0022501001,2025-26,2026-01-23,LAC,SAC,1610612746,1610612758,24025,SAC @ LAC
0022501002,2025-26,2026-01-23,PHI,SAC,1610612755,1610612758,24025,SAC @ PHI
0022501003,2025-26,2026-01-23,SAC,LAL,1610612758,1610612747,24025,LAL @ SAC
0022501004,2025-26,2026-01-23,BKN,NYK,1610612751,1610612752,24025,NYK @ BKN
0022501005,2025-26,2026-01-23,BKN,CHA,1610612751,1610612766,24025,CHA @ BKN
0022501006,2025-26,2026-01-23,SAC,SAS,1610612758,1610612759,24025,SAS @ SAC
0022501007,2025-26,2026-01-23,PHX,CHA,1610612756,1610612766,24025,CHA @ PHX
0022501008,2025-26,2026-01-23,SAC,MEM,1610612758,1610612763,24025,MEM @ SAC
0022501009,2025-26,2026-01-23,ORL,CLE,1610612753,1610612739,24025,CLE @ ORL
0022501010,2025-26,2026-01-23,MIA,MEM,1610612748,1610612763,24025,MEM @ MIA
0022501011,2025-26,2026-01-24,WAS,DET,1610612764,1610612765,24025,DET @ WAS
0022501012,2025-26,2026-01-24,CHI,MIL,1610612741,1610612749,24025,MIL @ CHI
0022501013,2025-26,2026-01-24,POR,PHX,1610612757,1610612756,24025,PHX @ POR
0022501014,2025-26,2026-01-24,NYK,TOR,1610612752,1610612761,24025,TOR @ NYK
0022501015,2025-26,2026-01-24,PHX,NOP,1610612756,1610612740,24025,NOP @ PHX
0022501016,2025-26,2026-01-24,WAS,CHA,1610612764,1610612766,24025,CHA @ WAS
0022501017,2025-26,2026-01-24,CLE,MIN,1610612739,1610612750,24025,MIN @ CLE
0022501018,2025-26,2026-01-24,SAS,PHX,1610612759,1610612756,24025,PHX @ SAS
0022501019,2025-26,2026-01-24,MIA,SAC,1610612748,1610612758,24025,SAC @ MIA
0022501020,2025-26,2026-01-24,GSW,BOS,1610612744,1610612738,24025,BOS @ GSW
0022501021,2025-26,2026-01-25,WAS,DAL,1610612764,1610612742,24025,DAL @ WAS
0022501022,2025-26,2026-01-25,MIL,BKN,1610612749,1610612751,24025,BKN @ MIL
0022501023,2025-26,2026-01-25,ORL,DET,1610612753,1610612765,24025,DET @ ORL
0022501024,2025-26,2026-01-25,TOR,SAS,1610612761,1610612759,24025,SAS @ TOR
0022501025,2025-26,2026-01-25,CLE,SAC,1610612739,1610612758,24025,SAC @ CLE
0022501026,2025-26,2026-01-25,BKN,NOP,1610612751,1610612740,24025,NOP @ BKN
0022501027,2025-26,2026-01-25,HOU,NOP,1610612745,1610612740,24025,NOP @ HOU
0022501028,2025-26,2026-01-25,CLE,ORL,1610612739,1610612753,24025,ORL @ CLE
0022501029,2025-26,2026-01-25,PHI,IND,1610612755,1610612754,24025,IND @ PHI
0022501030,2025-26,2026-01-25,ATL,UTA,1610612737,1610612762,24025,UTA @ ATL
0022501031,2025-26,2026-01-26,PHI,CHI,1610612755,1610612741,24025,CHI @ PHI
0022501032,2025-26,2026-01-26,MIA,NYK,1610612748,1610612752,24025,NYK @ MIA
0022501033,2025-26,2026-01-26,DAL,HOU,1610612742,1610612745,24025,HOU @ DAL
0022501034,2025-26,2026-01-26,UTA,ATL,1610612762,1610612737,24025,ATL @ UTA
0022501035,2025-26,2026-01-26,CLE,ATL,1610612739,1610612737,24025,ATL @ CLE
0022501036,2025-26,2026-01-26,MIA,CHA,1610612748,1610612766,24025,CHA @ MIA
0022501037,2025-26,2026-01-26,DEN,LAC,1610612743,1610612746,24025,LAC @ DEN
0022501038,2025-26,2026-01-26,PHX,WAS,1610612756,1610612764,24025,WAS @ PHX
0022501039,2025-26,2026-01-26,LAC,CHI,1610612746,1610612741,24025,CHI @ LAC
0022501040,2025-26,2026-01-26,PHI,DET,1610612755,1610612765,24025,DET @ PHI
0022501041,2025-26,2026-01-27,LAC,GSW,1610612746,1610612744,24025,GSW @ LAC
0022501042,2025-26,2026-01-27,UTA,BOS,1610612762,1610612738,24025,BOS @ UTA
0022501043,2025-26,2026-01-27,OKC,POR,1610612760,1610612757,24025,POR @ OKC
0022501044,2025-26,2026-01-27,WAS,DET,1610612764,1610612765,24025,DET @ WAS
0022501045,2025-26,2026-01-27,CLE,BOS,1610612739,1610612738,24025,BOS @ CLE
0022501046,2025-26,2026-01-27,WAS,CLE,1610612764,1610612739,24025,CLE @ WAS
0022501047,2025-26,2026-01-27,IND,CHA,1610612754,1610612766,24025,CHA @ IND
0022501048,2025-26,2026-01-27,DET,PHX,1610612765,1610612756,24025,PHX @ DET
0022501049,2025-26,2026-01-27,BOS,MIA,1610612738,1610612748,24025,MIA @ BOS
0022501050,2025-26,2026-01-27,PHX,NOP,1610612756,1610612740,24025,NOP @ PHX
0022501051,2025-26,2026-01-28,NYK,GSW,1610612752,1610612744,24025,GSW @ NYK
0022501052,2025-26,2026-01-28,MIN,LAC,1610612750,1610612746,24025,LAC @ MIN
0022501053,2025-26,2026-01-28,TOR,SAC,1610612761,1610612758,24025,SAC @ TOR
0022501054,2025-26,2026-01-28,LAL,DAL,1610612747,1610612742,24025,DAL @ LAL
0022501055,2025-26,2026-01-28,MEM,SAS,1610612763,1610612759,24025,SAS @ MEM
0022501056,2025-26,2026-01-28,DAL,LAC,1610612742,1610612746,24025,LAC @ DAL
0022501057,2025-26,2026-01-28,LAL,POR,1610612747,1610612757,24025,POR @ LAL
0022501058,2025-26,2026-01-28,MIN,TOR,1610612750,1610612761,24025,TOR @ MIN
0022501059,2025-26,2026-01-28,WAS,SAC,1610612764,1610612758,24025,SAC @ WAS
0022501060,2025-26,2026-01-28,MEM,CHI,1610612763,1610612741,24025,CHI @ MEM
0022501061,2025-26,2026-01-29,ATL,TOR,1610612737,1610612761,24025,TOR @ ATL
0022501062,2025-26,2026-01-29,CHA,UTA,1610612766,1610612762,24025,UTA @ CHA
0022501063,2025-26,2026-01-29,LAC,NYK,1610612746,1610612752,24025,NYK @ LAC
0022501064,2025-26,2026-01-29,ATL,LAL,1610612737,1610612747,24025,LAL @ ATL
0022501065,2025-26,2026-01-29,MEM,DAL,1610612763,1610612742,24025,DAL @ MEM
0022501066,2025-26,2026-01-29,MIA,ATL,1610612748,1610612737,24025,ATL @ MIA
0022501067,2025-26,2026-01-29,TOR,LAL,1610612761,1610612747,24025,LAL @ TOR
0022501068,2025-26,2026-01-29,TOR,CLE,1610612761,1610612739,24025,CLE @ TOR
0022501069,2025-26,2026-01-29,NOP,NYK,1610612740,1610612752,24025,NYK @ NOP
0022501070,2025-26,2026-01-29,LAC,DEN,1610612746,1610612743,24025,DEN @ LAC
0022501071,2025-26,2026-01-30,SAC,BKN,1610612758,1610612751,24025,BKN @ SAC
0022501072,2025-26,2026-01-30,DEN,MIL,1610612743,1610612749,24025,MIL @ DEN
0022501073,2025-26,2026-01-30,IND,CLE,1610612754,1610612739,24025,CLE @ IND
0022501074,2025-26,2026-01-30,LAL,OKC,1610612747,1610612760,24025,OKC @ LAL
0022501075,2025-26,2026-01-30,MIA,HOU,1610612748,1610612745,24025,HOU @ MIA
0022501076,2025-26,2026-01-30,WAS,IND,1610612764,1610612754,24025,IND @ WAS
0022501077,2025-26,2026-01-30,GSW,LAL,1610612744,1610612747,24025,LAL @ GSW
0022501078,2025-26,2026-01-30,MIN,ATL,1610612750,1610612737,24025,ATL @ MIN
0022501079,2025-26,2026-01-30,WAS,BKN,1610612764,1610612751,24025,BKN @ WAS
0022501080,2025-26,2026-01-30,MIA,WAS,1610612748,1610612764,24025,WAS @ MIA
0022501081,2025-26,2026-01-31,OKC,MIN,1610612760,1610612750,24025,MIN @ OKC
0022501082,2025-26,2026-01-31,GSW,OKC,1610612744,1610612760,24025,OKC @ GSW
0022501083,2025-26,2026-01-31,UTA,MEM,1610612762,1610612763,24025,MEM @ UTA
0022501084,2025-26,2026-01-31,DET,ORL,1610612765,1610612753,24025,ORL @ DET
0022501085,2025-26,2026-01-31,SAC,DEN,1610612758,1610612743,24025,DEN @ SAC
0022501086,2025-26,2026-01-31,CHI,OKC,1610612741,1610612760,24025,OKC @ CHI
0022501087,2025-26,2026-01-31,POR,UTA,1610612757,1610612762,24025,UTA @ POR
0022501088,2025-26,2026-01-31,WAS,NYK,1610612764,1610612752,24025,NYK @ WAS
0022501089,2025-26,2026-01-31,LAL,CHI,1610612747,1610612741,24025,CHI @ LAL
0022501090,2025-26,2026-01-31,NYK,CHI,1610612752,1610612741,24025,CHI @ NYK
0022501091,2025-26,2026-02-01,PHI,BOS,1610612755,1610612738,24025,BOS @ PHI
0022501092,2025-26,2026-02-01,DET,MIN,1610612765,1610612750,24025,MIN @ DET
0022501093,2025-26,2026-02-01,MIL,HOU,1610612749,1610612745,24025,HOU @ MIL
0022501094,2025-26,2026-02-01,CLE,GSW,1610612739,1610612744,24025,GSW @ CLE
0022501095,2025-26,2026-02-01,SAS,BKN,1610612759,1610612751,24025,BKN @ SAS
0022501096,2025-26,2026-02-01,PHX,DEN,1610612756,1610612743,24025,DEN @ PHX
0022501097,2025-26,2026-02-01,DEN,HOU,1610612743,1610612745,24025,HOU @ DEN
0022501098,2025-26,2026-02-01,HOU,DET,1610612745,1610612765,24025,DET @ HOU
0022501099,2025-26,2026-02-01,ATL,HOU,1610612737,1610612745,24025,HOU @ ATL
0022501100,2025-26,2026-02-01,MEM,TOR,1610612763,1610612761,24025,TOR @ MEM
0022501101,2025-26,2026-02-02,ATL,LAC,1610612737,1610612746,24025,LAC @ ATL
0022501102,2025-26,2026-02-02,BKN,DAL,1610612751,1610612742,24025,DAL @ BKN
0022501103,2025-26,2026-02-02,BOS,PHX,1610612738,1610612756,24025,PHX @ BOS
0022501104,2025-26,2026-02-02,ATL,POR,1610612737,1610612757,24025,POR @ ATL
0022501105,2025-26,2026-02-02,WAS,TOR,1610612764,1610612761,24025,TOR @ WAS
0022501106,2025-26,2026-02-02,LAC,BKN,1610612746,1610612751,24025,BKN @ LAC
0022501107,2025-26,2026-02-02,WAS,CHI,1610612764,1610612741,24025,CHI @ WAS
0022501108,2025-26,2026-02-02,CHI,TOR,1610612741,1610612761,24025,TOR @ CHI
0022501109,2025-26,2026-02-02,DAL,NOP,1610612742,1610612740,24025,NOP @ DAL
0022501110,2025-26,2026-02-02,ATL,ORL,1610612737,1610612753,24025,ORL @ ATL
0022501111,2025-26,2026-02-03,MIL,MIA,1610612749,1610612748,24025,MIA @ MIL
0022501112,2025-26,2026-02-03,GSW,SAS,1610612744,1610612759,24025,SAS @ GSW
0022501113,2025-26,2026-02-03,ORL,OKC,1610612753,1610612760,24025,OKC @ ORL
0022501114,2025-26,2026-02-03,NYK,WAS,1610612752,1610612764,24025,WAS @ NYK
0022501115,2025-26,2026-02-03,BOS,ATL,1610612738,1610612737,24025,ATL @ BOS
0022501116,2025-26,2026-02-03,MIN,HOU,1610612750,1610612745,24025,HOU @ MIN
0022501117,2025-26,2026-02-03,PHI,WAS,1610612755,1610612764,24025,WAS @ PHI
0022501118,2025-26,2026-02-03,HOU,SAC,1610612745,1610612758,24025,SAC @ HOU
0022501119,2025-26,2026-02-03,POR,MIL,1610612757,1610612749,24025,MIL @ POR
0022501120,2025-26,2026-02-03,MEM,LAL,1610612763,1610612747,24025,LAL @ MEM
0022501121,2025-26,2026-02-04,MIN,SAS,1610612750,1610612759,24025,SAS @ MIN
0022501122,2025-26,2026-02-04,CLE,ORL,1610612739,1610612753,24025,ORL @ CLE
0022501123,2025-26,2026-02-04,LAC,IND,1610612746,1610612754,24025,IND @ LAC
0022501124,2025-26,2026-02-04,ORL,MIL,1610612753,1610612749,24025,MIL @ ORL
0022501125,2025-26,2026-02-04,LAC,BOS,1610612746,1610612738,24025,BOS @ LAC
0022501126,2025-26,2026-02-04,PHX,LAL,1610612756,1610612747,24025,LAL @ PHX
0022501127,2025-26,2026-02-04,POR,CLE,1610612757,1610612739,24025,CLE @ POR
0022501128,2025-26,2026-02-04,NOP,SAC,1610612740,1610612758,24025,SAC @ NOP
0022501129,2025-26,2026-02-04,CHA,MIA,1610612766,1610612748,24025,MIA @ CHA
0022501130,2025-26,2026-02-04,OKC,NOP,1610612760,1610612740,24025,NOP @ OKC
0022501131,2025-26,2026-02-05,TOR,IND,1610612761,1610612754,24025,IND @ TOR
0022501132,2025-26,2026-02-05,CHA,ATL,1610612766,1610612737,24025,ATL @ CHA
0022501133,2025-26,2026-02-05,ORL,SAC,1610612753,1610612758,24025,SAC @ ORL
0022501134,2025-26,2026-02-05,PHX,DEN,1610612756,1610612743,24025,DEN @ PHX
0022501135,2025-26,2026-02-05,MIN,MIA,1610612750,1610612748,24025,MIA @ MIN
0022501136,2025-26,2026-02-05,PHX,HOU,1610612756,1610612745,24025,HOU @ PHX
0022501137,2025-26,2026-02-05,HOU,MIL,1610612745,1610612749,24025,MIL @ HOU
0022501138,2025-26,2026-02-05,NOP,PHI,1610612740,1610612755,24025,PHI @ NOP
0022501139,2025-26,2026-02-05,POR,LAC,1610612757,1610612746,24025,LAC @ POR
0022501140,2025-26,2026-02-05,DAL,OKC,1610612742,1610612760,24025,OKC @ DAL
0022501141,2025-26,2026-02-06,SAS,OKC,1610612759,1610612760,24025,OKC @ SAS
0022501142,2025-26,2026-02-06,OKC,ORL,1610612760,1610612753,24025,ORL @ OKC
0022501143,2025-26,2026-02-06,OKC,CLE,1610612760,1610612739,24025,CLE @ OKC
0022501144,2025-26,2026-02-06,DET,ATL,1610612765,1610612737,24025,ATL @ DET
0022501145,2025-26,2026-02-06,DAL,MIL,1610612742,1610612749,24025,MIL @ DAL
0022501146,2025-26,2026-02-06,POR,MIN,1610612757,1610612750,24025,MIN @ POR
0022501147,2025-26,2026-02-06,OKC,CHI,1610612760,1610612741,24025,CHI @ OKC
0022501148,2025-26,2026-02-06,ORL,CHI,1610612753,1610612741,24025,CHI @ ORL
0022501149,2025-26,2026-02-06,LAC,MIN,1610612746,1610612750,24025,MIN @ LAC
0022501150,2025-26,2026-02-06,HOU,GSW,1610612745,1610612744,24025,GSW @ HOU
0022501151,2025-26,2026-02-07,CHA,BOS,1610612766,1610612738,24025,BOS @ CHA
0022501152,2025-26,2026-02-07,SAC,MIA,1610612758,1610612748,24025,MIA @ SAC
0022501153,2025-26,2026-02-07,ATL,PHI,1610612737,1610612755,24025,PHI @ ATL
0022501154,2025-26,2026-02-07,MIL,UTA,1610612749,1610612762,24025,UTA @ MIL
0022501155,2025-26,2026-02-07,IND,MIN,1610612754,1610612750,24025,MIN @ IND
0022501156,2025-26,2026-02-07,POR,PHX,1610612757,1610612756,24025,PHX @ POR
0022501157,2025-26,2026-02-07,NOP,SAS,1610612740,1610612759,24025,SAS @ NOP
0022501158,2025-26,2026-02-07,MIL,CHI,1610612749,1610612741,24025,CHI @ MIL
0022501159,2025-26,2026-02-07,BKN,SAC,1610612751,1610612758,24025,SAC @ BKN
0022501160,2025-26,2026-02-07,UTA,MIN,1610612762,1610612750,24025,MIN @ UTA
0022501161,2025-26,2026-02-08,MEM,NOP,1610612763,1610612740,24025,NOP @ MEM
0022501162,2025-26,2026-02-08,DET,BKN,1610612765,1610612751,24025,BKN @ DET
0022501163,2025-26,2026-02-08,OKC,IND,1610612760,1610612754,24025,IND @ OKC
0022501164,2025-26,2026-02-08,SAS,OKC,1610612759,1610612760,24025,OKC @ SAS
0022501165,2025-26,2026-02-08,IND,MIA,1610612754,1610612748,24025,MIA @ IND
0022501166,2025-26,2026-02-08,PHX,CHI,1610612756,1610612741,24025,CHI @ PHX
0022501167,2025-26,2026-02-08,MIA,LAL,1610612748,1610612747,24025,LAL @ MIA
0022501168,2025-26,2026-02-08,LAC,POR,1610612746,1610612757,24025,POR @ LAC
0022501169,2025-26,2026-02-08,SAS,DAL,1610612759,1610612742,24025,DAL @ SAS
0022501170,2025-26,2026-02-08,MIL,ORL,1610612749,1610612753,24025,ORL @ MIL
0022501171,2025-26,2026-02-09,ATL,SAS,1610612737,1610612759,24025,SAS @ ATL
0022501172,2025-26,2026-02-09,LAC,MIN,1610612746,1610612750,24025,MIN @ LAC
0022501173,2025-26,2026-02-09,SAS,MIN,1610612759,1610612750,24025,MIN @ SAS
0022501174,2025-26,2026-02-09,MIN,PHX,1610612750,1610612756,24025,PHX @ MIN
0022501175,2025-26,2026-02-09,LAC,DET,1610612746,1610612765,24025,DET @ LAC
0022501176,2025-26,2026-02-09,TOR,DET,1610612761,1610612765,24025,DET @ TOR
0022501177,2025-26,2026-02-09,CLE,LAL,1610612739,1610612747,24025,LAL @ CLE
0022501178,2025-26,2026-02-09,MIN,UTA,1610612750,1610612762,24025,UTA @ MIN
0022501179,2025-26,2026-02-09,UTA,POR,1610612762,1610612757,24025,POR @ UTA
0022501180,2025-26,2026-02-09,MIN,POR,1610612750,1610612757,24025,POR @ MIN
0022501181,2025-26,2026-02-10,GSW,TOR,1610612744,1610612761,24025,TOR @ GSW
0022501182,2025-26,2026-02-10,CHA,DET,1610612766,1610612765,24025,DET @ CHA
0022501183,2025-26,2026-02-10,DET,PHI,1610612765,1610612755,24025,PHI @ DET
0022501184,2025-26,2026-02-10,CLE,HOU,1610612739,1610612745,24025,HOU @ CLE
0022501185,2025-26,2026-02-10,BKN,NYK,1610612751,1610612752,24025,NYK @ BKN
0022501186,2025-26,2026-02-10,POR,ORL,1610612757,1610612753,24025,ORL @ POR
0022501187,2025-26,2026-02-10,LAL,MIN,1610612747,1610612750,24025,MIN @ LAL
0022501188,2025-26,2026-02-10,ATL,MIL,1610612737,1610612749,24025,MIL @ ATL
0022501189,2025-26,2026-02-10,MIL,DET,1610612749,1610612765,24025,DET @ MIL
0022501190,2025-26,2026-02-10,MIA,NOP,1610612748,1610612740,24025,NOP @ MIA
0022501191,2025-26,2026-02-11,DAL,IND,1610612742,1610612754,24025,IND @ DAL
0022501192,2025-26,2026-02-11,NOP,DAL,1610612740,1610612742,24025,DAL @ NOP
0022501193,2025-26,2026-02-11,MIN,HOU,1610612750,1610612745,24025,HOU @ MIN
0022501194,2025-26,2026-02-11,OKC,DAL,1610612760,1610612742,24025,DAL @ OKC
0022501195,2025-26,2026-02-11,ORL,PHI,1610612753,1610612755,24025,PHI @ ORL
0022501196,2025-26,2026-02-11,OKC,MIN,1610612760,1610612750,24025,MIN @ OKC
0022501197,2025-26,2026-02-11,MIN,MEM,1610612750,1610612763,24025,MEM @ MIN
0022501198,2025-26,2026-02-11,DAL,LAL,1610612742,1610612747,24025,LAL @ DAL
0022501199,2025-26,2026-02-11,NYK,ORL,1610612752,1610612753,24025,ORL @ NYK
0022501200,2025-26,2026-02-11,ORL,ATL,1610612753,1610612737,24025,ATL @ ORL
0022501201,2025-26,2026-02-12,OKC,LAL,1610612760,1610612747,24025,LAL @ OKC
0022501202,2025-26,2026-02-12,GSW,DAL,1610612744,1610612742,24025,DAL @ GSW
0022501203,2025-26,2026-02-12,SAC,IND,1610612758,1610612754,24025,IND @ SAC
0022501204,2025-26,2026-02-12,CLE,ATL,1610612739,1610612737,24025,ATL @ CLE
0022501205,2025-26,2026-02-12,PHI,OKC,1610612755,1610612760,24025,OKC @ PHI
0022501206,2025-26,2026-02-12,ATL,NYK,1610612737,1610612752,24025,NYK @ ATL
0022501207,2025-26,2026-02-12,MIL,ATL,1610612749,1610612737,24025,ATL @ MIL
0022501208,2025-26,2026-02-12,PHI,ATL,1610612755,1610612737,24025,ATL @ PHI
0022501209,2025-26,2026-02-12,MIN,GSW,1610612750,1610612744,24025,GSW @ MIN
0022501210,2025-26,2026-02-12,OKC,BKN,1610612760,1610612751,24025,BKN @ OKC
0022501211,2025-26,2026-02-13,UTA,SAC,1610612762,1610612758,24025,SAC @ UTA
0022501212,2025-26,2026-02-13,MIN,DAL,1610612750,1610612742,24025,DAL @ MIN
0022501213,2025-26,2026-02-13,ORL,DEN,1610612753,1610612743,24025,DEN @ ORL
0022501214,2025-26,2026-02-13,MEM,PHX,1610612763,1610612756,24025,PHX @ MEM
0022501215,2025-26,2026-02-13,ATL,BKN,1610612737,1610612751,24025,BKN @ ATL
0022501216,2025-26,2026-02-13,LAL,UTA,1610612747,1610612762,24025,UTA @ LAL
0022501217,2025-26,2026-02-13,LAC,MEM,1610612746,1610612763,24025,MEM @ LAC
0022501218,2025-26,2026-02-13,ORL,ATL,1610612753,1610612737,24025,ATL @ ORL
0022501219,2025-26,2026-02-13,MIL,TOR,1610612749,1610612761,24025,TOR @ MIL
0022501220,2025-26,2026-02-13,BKN,MIA,1610612751,1610612748,24025,MIA @ BKN
0022501221,2025-26,2026-02-14,CLE,UTA,1610612739,1610612762,24025,UTA @ CLE
0022501222,2025-26,2026-02-14,IND,POR,1610612754,1610612757,24025,POR @ IND
0022501223,2025-26,2026-02-14,MIA,UTA,1610612748,1610612762,24025,UTA @ MIA
0022501224,2025-26,2026-02-14,MEM,SAC,1610612763,1610612758,24025,SAC @ MEM
0022501225,2025-26,2026-02-14,MIN,OKC,1610612750,1610612760,24025,OKC @ MIN
0022501226,2025-26,2026-02-14,CLE,CHA,1610612739,1610612766,24025,CHA @ CLE
0022501227,2025-26,2026-02-14,LAL,DEN,1610612747,1610612743,24025,DEN @ LAL
0022501228,2025-26,2026-02-14,BOS,NOP,1610612738,1610612740,24025,NOP @ BOS
0022501229,2025-26,2026-02-14,UTA,PHI,1610612762,1610612755,24025,PHI @ UTA
0022501230,2025-26,2026-02-14,CHA,NYK,1610612766,1610612752,24025,NYK @ CHA
